step,reward,critic_loss,actor_loss,q_mean,logp_mean,sigma_mean,tau_mean,act_sat_frac,n_abort,abort_force_mean,success
0,-0.6425,nan,nan,nan,nan,nan,nan,0.0065,0,0.0000,0.0000
200,-0.2649,nan,nan,nan,nan,nan,nan,0.0098,0,0.0000,0.0000
400,-0.1129,nan,nan,nan,nan,nan,nan,0.0072,0,0.0000,0.0000
600,-0.5795,nan,nan,nan,nan,nan,nan,0.0111,0,0.0000,0.0000
800,-0.2215,nan,nan,nan,nan,nan,nan,0.0130,0,0.0000,0.0000
1000,-0.0798,0.6527,-0.5931,-0.0328,-4.0150,0.1554,0.3023,0.0020,0,0.0000,0.0000
1200,-0.6021,0.3996,-1.3336,0.6994,-4.0946,0.1548,0.3049,0.0007,0,0.0000,0.0000
1400,-0.1385,0.3899,-1.7198,1.0877,-4.1168,0.1535,0.3109,0.0026,0,0.0000,0.0000
1600,-0.1053,0.4000,-2.0870,1.4311,-4.0943,0.1603,0.2791,0.0039,0,0.0000,0.0000
1800,-0.4299,0.3768,-2.4687,1.8165,-4.0984,0.1591,0.2861,0.0033,0,0.0000,0.0000
2000,-0.1588,0.3434,-2.8360,2.1778,-4.0982,0.1604,0.2783,0.0026,0,0.0000,0.0000
2200,-0.1215,5.0425,-3.2763,2.6107,-4.1119,0.1620,0.2716,0.0013,0,0.0000,0.0000
2400,-0.4173,0.3454,-3.6179,2.9688,-4.1078,0.1582,0.2890,0.0013,0,0.0000,0.0000
2600,-0.1717,0.3507,-4.0282,3.3558,-4.0963,0.1643,0.2603,0.0033,0,0.0000,0.0000
2800,-0.0885,0.3040,-4.4783,3.7938,-4.0778,0.1679,0.2452,0.0033,0,0.0000,0.0000
3000,-0.3217,0.2806,-4.9084,4.2236,-4.0844,0.1678,0.2456,0.0026,0,0.0000,0.0000
3200,-0.0916,0.3011,-5.2654,4.5791,-4.0798,0.1681,0.2426,0.0013,0,0.0000,0.0000
3400,-0.0583,0.3189,-5.6754,4.9843,-4.0684,0.1698,0.2353,0.0026,0,0.0000,0.0000
3600,-0.2707,0.3653,-6.1587,5.4734,-4.0723,0.1683,0.2428,0.0039,0,0.0000,0.0000
3800,-0.0567,0.3714,-6.6378,5.9466,-4.0263,0.1721,0.2244,0.0013,0,0.0000,0.0000
4000,-0.0601,0.3475,-7.2069,6.5046,-4.0241,0.1746,0.2139,0.0013,0,0.0000,0.0000
4200,-0.1253,0.4571,-7.9909,7.2788,-4.0370,0.1767,0.2044,0.0020,0,0.0000,0.0000
4400,-0.0615,0.4413,-8.3900,7.6840,-4.0031,0.1766,0.2052,0.0026,0,0.0000,0.0000
4600,-0.0654,0.2963,-8.9576,8.2475,-3.9968,0.1781,0.1978,0.0013,0,0.0000,0.0000
4800,-0.0704,0.4372,-9.9037,9.1850,-3.9725,0.1809,0.1858,0.0052,0,0.0000,0.0000
5000,-0.0642,0.8321,-10.3057,9.5853,-3.9623,0.1819,0.1807,0.0013,0,0.0000,0.0000
5200,-0.0634,0.7320,-11.0905,10.3577,-3.9870,0.1839,0.1714,0.0013,0,0.0000,0.0000
5400,-0.0562,0.9094,-11.7993,11.0726,-3.9224,0.1853,0.1648,0.0020,0,0.0000,0.0000
5600,-0.0591,0.4291,-12.6327,11.8969,-3.9140,0.1882,0.1517,0.0033,0,0.0000,0.0000
5800,-0.0602,0.6907,-13.1848,12.4436,-3.8942,0.1905,0.1418,0.0020,0,0.0000,0.0000
6000,-0.0560,0.4751,-13.9351,13.1766,-3.9400,0.1924,0.1329,0.0039,0,0.0000,0.0000
6200,-0.0590,0.5765,-14.7768,14.0108,-3.9515,0.1940,0.1266,0.0013,0,0.0000,0.0000
6400,-0.0583,0.3731,-15.3850,14.6138,-3.9839,0.1935,0.1280,0.0013,0,0.0000,0.0000
6600,-0.0546,0.3044,-16.1104,15.3393,-3.9372,0.1956,0.1186,0.0020,0,0.0000,0.0000
6800,-0.0578,0.7621,-16.7743,15.9956,-3.9645,0.1962,0.1163,0.0026,0,0.0000,0.0000
7000,-0.0579,0.4467,-17.4214,16.6427,-3.9554,0.1968,0.1136,0.0026,0,0.0000,0.0000
7200,-0.0556,0.6767,-17.9577,17.1780,-3.9403,0.1978,0.1086,0.0059,0,0.0000,0.0000
7400,-0.0568,0.3593,-18.5933,17.8156,-3.9255,0.1979,0.1086,0.0013,0,0.0000,0.0000
7600,-0.5514,0.4166,-19.0361,18.2399,-4.0103,0.1985,0.1058,0.0013,0,0.0000,0.0000
7800,-0.0559,0.5698,-19.6449,18.8487,-4.0039,0.1989,0.1044,0.0039,0,0.0000,0.0000
8000,-0.0583,0.2799,-20.2139,19.4189,-3.9936,0.1989,0.1042,0.0020,0,0.0000,0.0000
8200,-0.4274,0.2525,-20.6996,19.9046,-3.9893,0.1993,0.1024,0.0026,0,0.0000,0.0000
8400,-0.0550,0.5317,-21.1690,20.3663,-4.0279,0.1992,0.1028,0.0052,0,0.0000,0.0000
8600,-0.0593,0.8494,-21.7764,20.9770,-4.0171,0.1990,0.1041,0.0039,0,0.0000,0.0000
8800,-0.1346,0.4730,-22.2370,21.4344,-4.0207,0.1996,0.1016,0.0020,0,0.0000,0.0000
9000,-0.0573,0.4466,-22.6865,21.8928,-3.9825,0.1992,0.1031,0.0033,0,0.0000,0.0000
9200,-0.0584,0.4954,-23.0891,22.2953,-3.9835,0.1992,0.1027,0.0013,0,0.0000,0.0000
9400,-0.0400,0.2456,-23.7411,22.9411,-4.0076,0.1996,0.1016,0.0007,0,0.0000,0.0000
9600,-0.0563,0.3423,-24.1578,23.3561,-4.0136,0.1997,0.1009,0.0033,0,0.0000,0.0000
9800,-0.0596,0.3291,-24.5907,23.7854,-4.0326,0.1996,0.1013,0.0020,0,0.0000,0.0000
10000,-0.0418,0.3590,-25.0324,24.2306,-4.0159,0.1996,0.1012,0.0046,0,0.0000,0.0000
10200,-0.0569,0.2854,-25.6159,24.8159,-4.0029,0.1999,0.1004,0.0007,0,0.0000,0.0000
10400,-0.0586,0.4175,-25.9443,25.1369,-4.0446,0.1996,0.1013,0.0007,0,0.0000,0.0000
10600,-0.0466,0.6346,-26.3464,25.5457,-4.0064,0.1999,0.1004,0.0020,0,0.0000,0.0000
10800,-0.0560,0.1268,-26.8818,26.0776,-4.0271,0.1997,0.1010,0.0059,0,0.0000,0.0000
11000,-0.0576,0.4573,-27.2352,26.4359,-4.0041,0.1995,0.1014,0.0026,0,0.0000,0.0000
11200,-0.0490,0.6730,-27.6977,26.8940,-4.0244,0.1997,0.1010,0.0026,0,0.0000,0.0000
11400,-0.0563,0.4293,-28.1469,27.3389,-4.0509,0.1994,0.1022,0.0039,0,0.0000,0.0000
11600,-0.0567,0.3411,-28.4793,27.6771,-4.0197,0.1995,0.1015,0.0033,0,0.0000,0.0000
11800,-0.0506,0.0950,-28.9096,28.1101,-4.0026,0.1997,0.1010,0.0020,0,0.0000,0.0000
12000,-0.0542,0.6532,-29.3191,28.5197,-4.0071,0.1994,0.1018,0.0013,0,0.0000,0.0000
12200,-0.0555,0.2413,-29.7691,28.9680,-4.0109,0.1997,0.1010,0.0020,0,0.0000,0.0000
12400,-0.0508,0.4228,-30.1057,29.3015,-4.0303,0.1995,0.1016,0.0039,0,0.0000,0.0000
12600,-0.0533,0.6215,-30.5458,29.7398,-4.0318,0.1999,0.1003,0.0039,0,0.0000,0.0000
12800,-0.0556,0.6554,-30.9186,30.1160,-4.0230,0.1994,0.1018,0.0007,0,0.0000,0.0000
13000,-0.0512,0.3226,-31.3251,30.5252,-4.0090,0.1994,0.1018,0.0013,0,0.0000,0.0000
13200,-0.0526,0.5244,-31.6784,30.8721,-4.0403,0.1995,0.1014,0.0026,0,0.0000,0.0000
13400,-0.0547,0.2732,-32.1042,31.3018,-4.0193,0.1997,0.1010,0.0026,0,0.0000,0.0000
13600,-0.0510,0.4586,-32.4754,31.6714,-4.0288,0.1995,0.1015,0.0020,0,0.0000,0.0000
13800,-0.0516,0.6426,-32.9034,32.1042,-4.0023,0.1997,0.1010,0.0007,0,0.0000,0.0000
14000,-0.0511,0.5309,-33.1891,32.3861,-4.0202,0.1997,0.1009,0.0046,0,0.0000,0.0000
14200,-0.0497,0.1758,-33.7006,32.8918,-4.0506,0.1997,0.1009,0.0039,0,0.0000,0.0000
14400,-0.0512,0.3649,-34.0890,33.2843,-4.0273,0.1998,0.1007,0.0000,0,0.0000,0.0000
14600,-0.0507,0.2798,-34.4672,33.6645,-4.0174,0.1998,0.1006,0.0007,0,0.0000,0.0000
14800,-0.0492,0.5608,-34.7527,33.9415,-4.0635,0.1996,0.1012,0.0039,0,0.0000,0.0000
15000,-0.0504,0.3161,-35.1167,34.3101,-4.0386,0.1997,0.1011,0.0020,0,0.0000,0.0000
15200,-0.5629,0.6222,-35.4962,34.6918,-4.0260,0.1998,0.1007,0.0013,0,0.0000,0.0000
15400,-0.0489,0.0838,-35.9689,35.1642,-4.0255,0.1999,0.1003,0.0046,0,0.0000,0.0000
15600,-0.0493,0.4853,-36.2301,35.4200,-4.0594,0.1995,0.1014,0.0013,0,0.0000,0.0000
15800,-0.2959,1.1217,-36.4837,35.6757,-4.0492,0.1995,0.1015,0.0026,0,0.0000,0.0000
16000,-0.0487,0.1916,-36.9274,36.1211,-4.0441,0.1993,0.1024,0.0020,0,0.0000,0.0000
16200,-0.0482,0.3175,-37.3051,36.5031,-4.0155,0.1997,0.1009,0.0020,0,0.0000,0.0000
16400,-0.0617,0.1134,-37.7095,36.8998,-4.0532,0.1997,0.1009,0.0033,0,0.0000,0.0000
16600,-0.0477,0.1988,-38.0337,37.2327,-4.0141,0.1995,0.1016,0.0026,0,0.0000,0.0000
16800,-0.0478,0.2681,-38.4095,37.6001,-4.0552,0.1996,0.1013,0.0052,0,0.0000,0.0000
17000,-0.0376,0.3040,-38.6869,37.8751,-4.0680,0.1995,0.1014,0.0033,0,0.0000,0.0000
17200,-0.0474,0.0702,-39.0478,38.2431,-4.0294,0.1997,0.1010,0.0026,0,0.0000,0.0000
17400,-0.0534,0.3452,-39.3620,38.5553,-4.0406,0.1996,0.1012,0.0026,0,0.0000,0.0000
17600,-0.0390,0.2079,-39.6554,38.8498,-4.0383,0.1994,0.1019,0.0013,0,0.0000,0.0000
17800,-0.0465,0.1934,-40.0953,39.2897,-4.0314,0.1998,0.1006,0.0026,0,0.0000,0.0000
18000,-0.0478,0.2559,-40.3639,39.5530,-4.0589,0.1997,0.1010,0.0033,0,0.0000,0.0000
18200,-0.0409,0.7069,-40.5707,39.7689,-4.0130,0.1998,0.1007,0.0039,0,0.0000,0.0000
18400,-0.0458,0.2848,-41.0380,40.2307,-4.0386,0.1999,0.1004,0.0033,0,0.0000,0.0000
18600,-0.0479,0.3292,-41.2810,40.4789,-4.0182,0.1995,0.1015,0.0000,0,0.0000,0.0000
18800,-0.0418,0.9293,-41.5259,40.7208,-4.0315,0.1998,0.1010,0.0013,0,0.0000,0.0000
19000,-0.0451,0.3548,-41.9350,41.1269,-4.0462,0.1996,0.1012,0.0026,0,0.0000,0.0000
19200,-0.0441,0.2789,-42.2110,41.4057,-4.0340,0.1996,0.1016,0.0013,0,0.0000,0.0000
19400,-0.0424,0.2420,-42.4703,41.6663,-4.0250,0.1997,0.1010,0.0026,0,0.0000,0.0000
19600,-0.0474,0.2424,-42.8523,42.0463,-4.0372,0.1996,0.1011,0.0020,0,0.0000,0.0000
19800,-0.0450,0.7554,-43.0495,42.2420,-4.0472,0.1994,0.1018,0.0026,0,0.0000,0.0000
20000,-0.0462,0.3916,-43.3938,42.5854,-4.0459,0.1998,0.1007,0.0013,0,0.0000,0.0000
20200,-0.0443,0.5203,-43.5810,42.7803,-4.0110,0.1995,0.1015,0.0026,0,0.0000,0.0000
20400,-0.0435,0.2135,-43.9827,43.1717,-4.0592,0.1998,0.1007,0.0013,0,0.0000,0.0000
20600,-0.0425,0.3442,-44.2257,43.4222,-4.0239,0.1997,0.1010,0.0026,0,0.0000,0.0000
20800,-0.0424,0.4923,-44.5556,43.7533,-4.0161,0.1997,0.1010,0.0020,0,0.0000,0.0000
21000,-0.0429,0.5871,-44.7086,43.9046,-4.0288,0.1995,0.1016,0.0039,0,0.0000,0.0000
21200,-0.0414,0.5162,-44.9553,44.1500,-4.0291,0.1998,0.1006,0.0059,0,0.0000,0.0000
21400,-0.0413,0.5106,-45.2782,44.4770,-4.0174,0.1994,0.1020,0.0033,0,0.0000,0.0000
21600,-0.0424,0.3832,-45.6481,44.8388,-4.0540,0.1995,0.1015,0.0026,0,0.0000,0.0000
21800,-0.0404,0.6424,-45.8682,45.0618,-4.0416,0.1995,0.1017,0.0020,0,0.0000,0.0000
22000,-0.0416,0.5106,-46.1450,45.3386,-4.0381,0.1996,0.1013,0.0033,0,0.0000,0.0000
22200,-0.0396,0.5732,-46.4073,45.6010,-4.0438,0.1994,0.1021,0.0026,0,0.0000,0.0000
22400,-0.0401,0.5135,-46.7004,45.8941,-4.0363,0.1997,0.1011,0.0033,0,0.0000,0.0000
22600,-0.0407,0.4193,-46.9366,46.1306,-4.0372,0.1995,0.1015,0.0020,0,0.0000,0.0000
22800,-0.5833,0.2846,-47.1056,46.3026,-4.0281,0.1992,0.1023,0.0013,0,0.0000,0.0000
23000,-0.0461,0.2581,-47.4228,46.6175,-4.0359,0.1994,0.1017,0.0013,0,0.0000,0.0000
23200,-0.0417,0.4351,-47.7747,46.9730,-4.0156,0.1996,0.1016,0.0039,0,0.0000,0.0000
23400,-0.2222,0.3087,-47.9795,47.1738,-4.0313,0.1998,0.1006,0.0020,0,0.0000,0.0000
23600,-0.0393,0.2411,-48.1880,47.3828,-4.0326,0.1996,0.1014,0.0026,0,0.0000,0.0000
23800,-0.0395,0.4187,-48.4150,47.6132,-4.0183,0.1994,0.1020,0.0013,0,0.0000,0.0000
24000,-0.0461,0.2752,-48.7006,47.8967,-4.0263,0.1996,0.1013,0.0026,0,0.0000,0.0000
24200,-0.0390,0.3359,-48.8822,48.0771,-4.0343,0.1995,0.1016,0.0033,0,0.0000,0.0000
24400,-0.0414,0.1153,-49.2802,48.4763,-4.0308,0.1993,0.1023,0.0013,0,0.0000,0.0000
24600,-0.0324,0.2660,-49.4667,48.6603,-4.0402,0.1995,0.1014,0.0046,0,0.0000,0.0000
24800,-0.0382,0.4072,-49.6000,48.7989,-4.0166,0.1992,0.1026,0.0000,0,0.0000,0.0000
25000,-0.0384,0.2210,-49.8893,49.0891,-4.0081,0.1995,0.1014,0.0026,0,0.0000,0.0000
25200,-0.0349,0.2829,-50.1535,49.3493,-4.0285,0.1995,0.1017,0.0033,0,0.0000,0.0000
25400,-0.0372,0.3892,-50.2846,49.4829,-4.0127,0.1998,0.1007,0.0033,0,0.0000,0.0000
25600,-0.0381,0.3171,-50.5313,49.7266,-4.0311,0.1996,0.1012,0.0033,0,0.0000,0.0000
25800,-0.0385,0.2942,-50.7241,49.9189,-4.0311,0.1997,0.1009,0.0046,0,0.0000,0.0000
26000,-0.0392,0.4004,-51.0078,50.1981,-4.0528,0.1998,0.1006,0.0026,0,0.0000,0.0000
26200,-0.0373,0.4032,-51.2015,50.3930,-4.0497,0.1996,0.1016,0.0020,0,0.0000,0.0000
26400,-0.0372,0.4258,-51.3977,50.5977,-4.0071,0.1996,0.1016,0.0020,0,0.0000,0.0000
26600,-0.0382,0.4390,-51.6901,50.8871,-4.0271,0.1994,0.1019,0.0026,0,0.0000,0.0000
26800,-0.0376,0.1081,-51.8967,51.0898,-4.0387,0.1998,0.1007,0.0026,0,0.0000,0.0000
27000,-0.0382,0.4177,-52.0737,51.2684,-4.0304,0.1997,0.1009,0.0020,0,0.0000,0.0000
27200,-0.0372,0.1726,-52.3033,51.5035,-4.0096,0.1994,0.1020,0.0020,0,0.0000,0.0000
27400,-0.0537,0.3568,-52.4907,51.6871,-4.0240,0.1997,0.1010,0.0039,0,0.0000,0.0000
27600,-0.0372,0.3505,-52.6461,51.8412,-4.0353,0.1994,0.1019,0.0026,0,0.0000,0.0000
27800,-0.0378,0.8387,-52.7833,51.9825,-4.0106,0.1996,0.1012,0.0039,0,0.0000,0.0000
28000,-0.0369,0.6580,-53.0403,52.2390,-4.0164,0.1993,0.1021,0.0013,0,0.0000,0.0000
28200,-0.0395,0.7052,-53.1945,52.3931,-4.0148,0.1995,0.1017,0.0046,0,0.0000,0.0000
28400,-0.0382,0.2170,-53.4834,52.6809,-4.0241,0.1993,0.1028,0.0000,0,0.0000,0.0000
28600,-0.0360,0.3513,-53.6593,52.8512,-4.0493,0.1994,0.1020,0.0033,0,0.0000,0.0000
28800,-0.0374,0.3310,-53.8076,53.0016,-4.0426,0.1993,0.1025,0.0000,0,0.0000,0.0000
29000,-0.0375,0.4836,-54.0212,53.2152,-4.0492,0.1990,0.1039,0.0020,0,0.0000,0.0000
29200,-0.0431,0.1169,-54.1516,53.3465,-4.0434,0.1991,0.1038,0.0033,0,0.0000,0.0000
29400,-0.0370,0.1321,-54.4984,53.6965,-4.0160,0.1996,0.1018,0.0020,0,0.0000,0.0000
29600,-0.0418,0.1642,-54.6589,53.8591,-4.0045,0.1997,0.1013,0.0026,0,0.0000,0.0000
29800,-0.6049,0.2192,-54.7895,53.9861,-4.0247,0.1995,0.1017,0.0033,0,0.0000,0.0000
30000,-0.0367,0.6438,-54.9179,54.1154,-4.0226,0.1995,0.1019,0.0026,0,0.0000,0.0000
30200,-0.0373,0.4018,-55.1643,54.3591,-4.0331,0.1996,0.1016,0.0020,0,0.0000,0.0000
30400,-0.4303,0.1545,-55.3247,54.5242,-4.0099,0.1996,0.1016,0.0046,0,0.0000,0.0000
30600,-0.0356,0.3164,-55.5161,54.7099,-4.0373,0.1996,0.1013,0.0020,0,0.0000,0.0000
30800,-0.0361,0.3256,-55.6442,54.8422,-4.0205,0.1995,0.1021,0.0020,0,0.0000,0.0000
31000,-0.1360,0.1393,-55.8557,55.0508,-4.0414,0.1992,0.1033,0.0020,0,0.0000,0.0000
31200,-0.0426,0.3230,-56.0198,55.2160,-4.0251,0.1996,0.1012,0.0046,0,0.0000,0.0000
31400,-0.0395,0.4201,-56.1661,55.3573,-4.0540,0.1995,0.1019,0.0020,0,0.0000,0.0000
31600,-0.0395,0.5978,-56.2735,55.4705,-4.0287,0.1993,0.1028,0.0026,0,0.0000,0.0000
31800,-0.0403,0.5222,-56.4490,55.6450,-4.0320,0.1993,0.1027,0.0007,0,0.0000,0.0000
32000,-0.0409,0.8416,-56.6581,55.8575,-4.0126,0.1995,0.1019,0.0026,0,0.0000,0.0000
32200,-0.0334,0.4684,-56.8088,56.0049,-4.0300,0.1994,0.1020,0.0007,0,0.0000,0.0000
32400,-0.0365,0.6389,-57.0123,56.2087,-4.0358,0.1991,0.1035,0.0046,0,0.0000,0.0000
32600,-0.0417,0.3654,-57.1480,56.3465,-4.0236,0.1990,0.1035,0.0026,0,0.0000,0.0000
32800,-0.0342,0.2590,-57.3586,56.5593,-4.0078,0.1993,0.1025,0.0039,0,0.0000,0.0000
33000,-0.0365,0.6075,-57.4055,56.6051,-4.0129,0.1994,0.1020,0.0033,0,0.0000,0.0000
33200,-0.0375,0.2114,-57.7016,56.9023,-4.0100,0.1993,0.1025,0.0013,0,0.0000,0.0000
33400,-0.0384,0.4822,-57.8001,56.9947,-4.0365,0.1994,0.1021,0.0020,0,0.0000,0.0000
33600,-0.0360,0.6022,-57.9559,57.1514,-4.0295,0.1996,0.1012,0.0026,0,0.0000,0.0000
33800,-0.0372,0.3920,-58.1311,57.3290,-4.0249,0.1993,0.1029,0.0007,0,0.0000,0.0000
34000,-0.0359,0.2724,-58.2912,57.4843,-4.0457,0.1994,0.1021,0.0020,0,0.0000,0.0000
34200,-0.0357,0.4066,-58.4133,57.6077,-4.0356,0.1995,0.1019,0.0026,0,0.0000,0.0000
34400,-0.0356,0.5589,-58.4861,57.6884,-4.0021,0.1992,0.1033,0.0013,0,0.0000,0.0000
34600,-0.0411,0.1382,-58.6963,57.8906,-4.0365,0.1996,0.1014,0.0046,0,0.0000,0.0000
34800,-0.0409,0.1828,-58.7945,57.9923,-4.0162,0.1997,0.1013,0.0065,0,0.0000,0.0000
35000,-0.0356,0.1543,-58.9890,58.1876,-4.0178,0.1994,0.1026,0.0000,0,0.0000,0.0000
35200,-0.0348,0.7759,-59.0838,58.2790,-4.0310,0.1997,0.1013,0.0039,0,0.0000,0.0000
35400,-0.0355,0.6047,-59.2022,58.3960,-4.0377,0.1997,0.1013,0.0059,0,0.0000,0.0000
35600,-0.0365,0.2765,-59.3968,58.5905,-4.0352,0.1998,0.1007,0.0020,0,0.0000,0.0000
35800,-0.0348,0.4283,-59.5142,58.7133,-4.0140,0.1995,0.1020,0.0033,0,0.0000,0.0000
36000,-0.0358,0.3008,-59.6601,58.8601,-4.0113,0.1992,0.1025,0.0013,0,0.0000,0.0000
36200,-0.0353,0.2029,-59.7799,58.9728,-4.0504,0.1992,0.1028,0.0026,0,0.0000,0.0000
36400,-0.0361,0.4898,-59.8164,59.0077,-4.0512,0.1995,0.1015,0.0033,0,0.0000,0.0000
36600,-0.0354,0.3586,-60.1040,59.2988,-4.0337,0.1996,0.1018,0.0033,0,0.0000,0.0000
36800,-0.0356,0.4051,-60.1477,59.3433,-4.0288,0.1997,0.1013,0.0013,0,0.0000,0.0000
37000,-0.0361,0.3960,-60.3115,59.5057,-4.0343,0.1997,0.1009,0.0026,0,0.0000,0.0000
37200,-0.0404,0.0558,-60.4750,59.6755,-4.0079,0.1994,0.1021,0.0033,0,0.0000,0.0000
37400,-0.5993,0.7553,-60.6129,59.8090,-4.0340,0.1992,0.1027,0.0033,0,0.0000,0.0000
37600,-0.0350,0.1673,-60.6712,59.8682,-4.0293,0.1992,0.1031,0.0026,0,0.0000,0.0000
37800,-0.0345,0.4052,-60.8069,60.0036,-4.0369,0.1989,0.1044,0.0013,0,0.0000,0.0000
38000,-0.4111,0.3166,-61.0487,60.2429,-4.0391,0.1995,0.1021,0.0033,0,0.0000,0.0000
38200,-0.0355,0.4077,-61.0769,60.2707,-4.0360,0.1997,0.1010,0.0007,0,0.0000,0.0000
38400,-0.0383,0.1843,-61.1888,60.3824,-4.0427,0.1994,0.1024,0.0007,0,0.0000,0.0000
38600,-0.0812,0.2089,-61.2780,60.4723,-4.0383,0.1994,0.1021,0.0020,0,0.0000,0.0000
38800,-0.0421,0.4047,-61.4565,60.6560,-4.0142,0.1994,0.1024,0.0007,0,0.0000,0.0000
39000,-0.0352,0.1740,-61.4845,60.6798,-4.0266,0.1998,0.1007,0.0000,0,0.0000,0.0000
39200,-0.0326,0.2967,-61.6977,60.8934,-4.0259,0.1997,0.1010,0.0033,0,0.0000,0.0000
39400,-0.0347,0.4391,-61.7722,60.9705,-4.0261,0.1991,0.1035,0.0033,0,0.0000,0.0000
39600,-0.0405,0.5589,-61.8837,61.0841,-4.0061,0.1995,0.1020,0.0052,0,0.0000,0.0000
39800,-0.0324,0.2813,-62.1000,61.2932,-4.0387,0.1997,0.1009,0.0020,0,0.0000,0.0000
40000,-0.0346,0.2678,-62.2242,61.4248,-4.0097,0.1993,0.1028,0.0013,0,0.0000,0.0000
40200,-0.0349,0.3041,-62.2879,61.4816,-4.0375,0.1996,0.1014,0.0033,0,0.0000,0.0000
40400,-0.0414,0.3989,-62.3179,61.5161,-4.0201,0.1994,0.1022,0.0026,0,0.0000,0.0000
40600,-0.0364,0.6304,-62.3762,61.5706,-4.0368,0.1996,0.1016,0.0026,0,0.0000,0.0000
40800,-0.0401,0.4367,-62.4638,61.6567,-4.0534,0.1990,0.1039,0.0007,0,0.0000,0.0000
41000,-0.0340,0.2780,-62.6369,61.8361,-4.0218,0.1991,0.1035,0.0020,0,0.0000,0.0000
41200,-0.0351,0.3218,-62.7548,61.9512,-4.0325,0.1992,0.1028,0.0020,0,0.0000,0.0000
41400,-0.0349,0.1563,-62.9053,62.1013,-4.0252,0.1997,0.1010,0.0026,0,0.0000,0.0000
41600,-0.0345,0.1402,-63.0407,62.2386,-4.0166,0.1996,0.1014,0.0020,0,0.0000,0.0000
41800,-0.0349,0.1252,-63.1425,62.3413,-4.0157,0.1994,0.1019,0.0020,0,0.0000,0.0000
42000,-0.0450,0.2450,-63.2012,62.3940,-4.0491,0.1994,0.1023,0.0020,0,0.0000,0.0000
42200,-0.0345,0.2355,-63.2911,62.4886,-4.0174,0.1998,0.1007,0.0013,0,0.0000,0.0000
42400,-0.0388,0.1016,-63.4387,62.6353,-4.0268,0.1995,0.1021,0.0026,0,0.0000,0.0000
42600,-0.0432,0.4432,-63.4257,62.6177,-4.0457,0.1997,0.1011,0.0052,0,0.0000,0.0000
42800,-0.0351,0.5505,-63.5935,62.7896,-4.0383,0.1990,0.1038,0.0013,0,0.0000,0.0000
43000,-0.0356,0.3884,-63.6030,62.7994,-4.0279,0.1994,0.1018,0.0039,0,0.0000,0.0000
43200,-0.0345,0.0589,-63.6694,62.8721,-3.9912,0.1997,0.1009,0.0033,0,0.0000,0.0000
43400,-0.0402,0.6224,-63.8578,63.0549,-4.0197,0.1996,0.1014,0.0013,0,0.0000,0.0000
43600,-0.0343,0.4234,-63.9123,63.1089,-4.0288,0.1994,0.1021,0.0000,0,0.0000,0.0000
43800,-0.0342,0.5279,-64.0100,63.2132,-3.9910,0.1996,0.1012,0.0007,0,0.0000,0.0000
44000,-0.0344,0.3034,-64.1195,63.3187,-4.0079,0.1998,0.1010,0.0007,0,0.0000,0.0000
44200,-0.0340,0.3084,-64.2395,63.4407,-4.0072,0.1993,0.1027,0.0020,0,0.0000,0.0000
44400,-0.0342,0.4244,-64.1968,63.3922,-4.0302,0.1996,0.1016,0.0026,0,0.0000,0.0000
44600,-0.0380,0.4202,-64.3975,63.5939,-4.0266,0.1995,0.1020,0.0007,0,0.0000,0.0000
44800,-0.0337,0.2306,-64.5663,63.7615,-4.0319,0.1996,0.1013,0.0033,0,0.0000,0.0000
45000,-0.5662,0.2446,-64.6120,63.8107,-4.0113,0.1997,0.1009,0.0065,0,0.0000,0.0000
45200,-0.0343,0.2430,-64.5803,63.7768,-4.0316,0.1993,0.1020,0.0000,0,0.0000,0.0000
45400,-0.0344,0.5333,-64.6563,63.8556,-4.0092,0.1996,0.1012,0.0013,0,0.0000,0.0000
45600,-0.2853,0.3465,-64.8741,64.0674,-4.0417,0.1995,0.1015,0.0026,0,0.0000,0.0000
45800,-0.0368,0.3669,-65.0250,64.2242,-4.0200,0.1991,0.1036,0.0013,0,0.0000,0.0000
46000,-0.0355,0.3673,-65.0027,64.2015,-4.0163,0.1994,0.1021,0.0020,0,0.0000,0.0000
46200,-0.0410,0.0496,-65.1598,64.3507,-4.0496,0.1997,0.1009,0.0007,0,0.0000,0.0000
46400,-0.0382,0.2623,-65.1706,64.3683,-4.0159,0.1998,0.1007,0.0000,0,0.0000,0.0000
46600,-0.0349,0.0716,-65.2262,64.4178,-4.0445,0.1999,0.1004,0.0033,0,0.0000,0.0000
46800,-0.0300,0.4211,-65.3188,64.5149,-4.0317,0.1993,0.1021,0.0013,0,0.0000,0.0000
47000,-0.0348,0.6129,-65.3695,64.5600,-4.0550,0.1996,0.1013,0.0007,0,0.0000,0.0000
47200,-0.0342,0.3125,-65.5741,64.7706,-4.0245,0.1996,0.1012,0.0026,0,0.0000,0.0000
47400,-0.0324,0.2224,-65.5585,64.7549,-4.0275,0.1994,0.1019,0.0020,0,0.0000,0.0000
47600,-0.0354,0.2064,-65.7054,64.8988,-4.0444,0.1994,0.1022,0.0020,0,0.0000,0.0000
47800,-0.0343,0.7015,-65.6961,64.8944,-4.0146,0.1997,0.1013,0.0026,0,0.0000,0.0000
48000,-0.0335,0.1183,-65.8000,64.9986,-4.0132,0.1996,0.1011,0.0033,0,0.0000,0.0000
48200,-0.0362,0.3537,-65.8358,65.0307,-4.0351,0.1994,0.1020,0.0007,0,0.0000,0.0000
48400,-0.0338,0.1928,-65.9697,65.1641,-4.0381,0.1995,0.1019,0.0020,0,0.0000,0.0000
48600,-0.0331,0.2715,-66.0012,65.1990,-4.0164,0.1996,0.1014,0.0013,0,0.0000,0.0000
48800,-0.0342,0.4357,-66.0815,65.2752,-4.0349,0.1998,0.1007,0.0013,0,0.0000,0.0000
49000,-0.0346,0.1942,-66.1742,65.3735,-4.0169,0.1993,0.1026,0.0033,0,0.0000,0.0000
49200,-0.0334,0.2051,-66.1909,65.3809,-4.0577,0.1996,0.1016,0.0026,0,0.0000,0.0000
49400,-0.0351,0.6065,-66.2867,65.4793,-4.0443,0.1996,0.1016,0.0026,0,0.0000,0.0000
49600,-0.0349,0.3340,-66.4418,65.6289,-4.0694,0.1997,0.1009,0.0013,0,0.0000,0.0000
49800,-0.0340,0.2940,-66.3996,65.6028,-3.9975,0.1993,0.1024,0.0020,0,0.0000,0.0000
50000,-0.0385,0.3130,-66.4910,65.6807,-4.0621,0.1994,0.1019,0.0020,0,0.0000,0.0000
50200,-0.0345,0.3396,-66.6681,65.8613,-4.0414,0.1996,0.1014,0.0013,0,0.0000,0.0000
50400,-0.0340,0.2034,-66.7591,65.9562,-4.0203,0.1996,0.1011,0.0007,0,0.0000,0.0000
50600,-0.0340,0.1930,-66.7387,65.9322,-4.0392,0.1997,0.1013,0.0039,0,0.0000,0.0000
50800,-0.0403,0.5254,-66.7901,65.9865,-4.0296,0.1994,0.1022,0.0013,0,0.0000,0.0000
51000,-0.0345,0.1565,-66.9445,66.1382,-4.0363,0.1997,0.1011,0.0078,0,0.0000,0.0000
51200,-0.0351,0.5417,-66.9297,66.1245,-4.0349,0.1995,0.1019,0.0020,0,0.0000,0.0000
51400,-0.0343,0.9817,-66.9131,66.1074,-4.0336,0.1996,0.1012,0.0020,0,0.0000,0.0000
51600,-0.0340,0.5448,-67.1405,66.3375,-4.0219,0.1996,0.1012,0.0013,0,0.0000,0.0000
51800,-0.0331,0.1703,-67.1494,66.3434,-4.0390,0.1996,0.1016,0.0013,0,0.0000,0.0000
52000,-0.0344,0.4138,-67.2151,66.4040,-4.0589,0.1998,0.1007,0.0020,0,0.0000,0.0000
52200,-0.0342,0.7115,-67.2452,66.4390,-4.0368,0.1997,0.1011,0.0013,0,0.0000,0.0000
52400,-0.0349,0.2371,-67.2721,66.4705,-4.0164,0.1996,0.1013,0.0020,0,0.0000,0.0000
52600,-0.4904,0.3064,-67.3677,66.5635,-4.0325,0.1994,0.1026,0.0026,0,0.0000,0.0000
52800,-0.0341,0.5763,-67.4891,66.6798,-4.0553,0.1995,0.1017,0.0020,0,0.0000,0.0000
53000,-0.0353,0.1450,-67.4887,66.6896,-4.0062,0.1994,0.1022,0.0046,0,0.0000,0.0000
53200,-0.1635,0.3512,-67.5487,66.7439,-4.0362,0.1993,0.1023,0.0033,0,0.0000,0.0000
53400,-0.0338,0.1865,-67.6243,66.8241,-4.0064,0.1997,0.1013,0.0013,0,0.0000,0.0000
53600,-0.0339,0.4063,-67.6732,66.8727,-4.0078,0.1996,0.1012,0.0020,0,0.0000,0.0000
53800,-0.0517,0.3184,-67.7884,66.9829,-4.0402,0.1993,0.1027,0.0020,0,0.0000,0.0000
54000,-0.0349,0.6849,-67.7463,66.9398,-4.0367,0.1998,0.1007,0.0033,0,0.0000,0.0000
54200,-0.0388,0.2592,-67.9194,67.1134,-4.0356,0.1997,0.1010,0.0013,0,0.0000,0.0000
54400,-0.0302,0.3103,-67.8932,67.0839,-4.0503,0.1998,0.1006,0.0026,0,0.0000,0.0000
54600,-0.0455,0.3208,-68.0304,67.2267,-4.0277,0.1994,0.1026,0.0059,0,0.0000,0.0000
54800,-0.0367,0.1485,-68.1628,67.3570,-4.0353,0.1997,0.1013,0.0033,0,0.0000,0.0000
55000,-0.0318,0.5354,-68.0804,67.2698,-4.0671,0.1993,0.1026,0.0046,0,0.0000,0.0000
55200,-0.0383,0.2843,-68.1193,67.3084,-4.0562,0.1999,0.1004,0.0026,0,0.0000,0.0000
55400,-0.0351,0.6207,-68.1927,67.3915,-4.0084,0.1998,0.1006,0.0020,0,0.0000,0.0000
55600,-0.0342,0.6121,-68.2864,67.4804,-4.0480,0.1991,0.1036,0.0007,0,0.0000,0.0000
55800,-0.0355,0.1890,-68.3051,67.5017,-4.0273,0.1995,0.1020,0.0039,0,0.0000,0.0000
56000,-0.0348,0.0880,-68.4130,67.6088,-4.0247,0.1998,0.1007,0.0026,0,0.0000,0.0000
56200,-0.0357,0.1266,-68.4613,67.6562,-4.0323,0.1996,0.1014,0.0026,0,0.0000,0.0000
56400,-0.0396,0.2464,-68.4830,67.6761,-4.0392,0.1998,0.1007,0.0020,0,0.0000,0.0000
56600,-0.0361,0.7351,-68.4179,67.6097,-4.0505,0.1995,0.1016,0.0007,0,0.0000,0.0000
56800,-0.0342,0.2933,-68.6432,67.8436,-4.0104,0.1994,0.1021,0.0033,0,0.0000,0.0000
57000,-0.0333,0.0582,-68.5869,67.7794,-4.0493,0.1994,0.1019,0.0013,0,0.0000,0.0000
57200,-0.0386,0.2217,-68.6143,67.8099,-4.0322,0.1995,0.1017,0.0026,0,0.0000,0.0000
57400,-0.0334,0.1424,-68.6649,67.8560,-4.0469,0.1999,0.1004,0.0039,0,0.0000,0.0000
57600,-0.0338,0.1322,-68.7082,67.9030,-4.0428,0.1990,0.1032,0.0026,0,0.0000,0.0000
57800,-0.0347,0.1007,-68.8087,68.0053,-4.0209,0.1997,0.1009,0.0026,0,0.0000,0.0000
58000,-0.0351,0.1916,-68.8079,67.9998,-4.0537,0.1993,0.1023,0.0033,0,0.0000,0.0000
58200,-0.0347,0.5391,-68.9245,68.1156,-4.0492,0.1997,0.1009,0.0007,0,0.0000,0.0000
58400,-0.0367,0.2137,-68.8440,68.0362,-4.0497,0.1995,0.1019,0.0020,0,0.0000,0.0000
58600,-0.0351,0.1513,-69.0243,68.2146,-4.0574,0.1994,0.1019,0.0020,0,0.0000,0.0000
58800,-0.0341,0.5539,-69.0176,68.2160,-4.0248,0.1991,0.1035,0.0013,0,0.0000,0.0000
59000,-0.0371,0.1802,-69.1539,68.3437,-4.0518,0.2000,0.1001,0.0020,0,0.0000,0.0000
59200,-0.0396,0.6394,-69.0857,68.2809,-4.0347,0.1994,0.1022,0.0046,0,0.0000,0.0000
59400,-0.0343,0.4969,-69.1275,68.3171,-4.0573,0.1997,0.1010,0.0033,0,0.0000,0.0000
59600,-0.6090,0.3756,-69.1227,68.3216,-4.0142,0.1995,0.1019,0.0059,0,0.0000,0.0000
59800,-0.0343,0.0979,-69.2296,68.4274,-4.0220,0.1993,0.1023,0.0013,0,0.0000,0.0000
60000,-0.0359,0.4453,-69.2819,68.4779,-4.0296,0.1994,0.1020,0.0020,0,0.0000,0.0000
60200,-0.4269,0.0918,-69.4342,68.6294,-4.0308,0.1996,0.1013,0.0039,0,0.0000,0.0000
60400,-0.0358,0.1961,-69.3818,68.5759,-4.0492,0.1990,0.1035,0.0026,0,0.0000,0.0000
60600,-0.0332,0.4881,-69.3257,68.5163,-4.0560,0.1994,0.1017,0.0013,0,0.0000,0.0000
60800,-0.1272,0.6168,-69.3519,68.5482,-4.0260,0.1996,0.1012,0.0039,0,0.0000,0.0000
61000,-0.0326,0.3282,-69.4735,68.6631,-4.0634,0.1994,0.1018,0.0033,0,0.0000,0.0000
61200,-0.0331,0.5445,-69.5107,68.7099,-4.0176,0.1993,0.1027,0.0026,0,0.0000,0.0000
61400,-0.0297,0.5238,-69.5414,68.7363,-4.0308,0.1997,0.1010,0.0033,0,0.0000,0.0000
61600,-0.0334,0.2991,-69.6262,68.8167,-4.0583,0.1993,0.1026,0.0020,0,0.0000,0.0000
61800,-0.0336,0.1370,-69.7023,68.9008,-4.0219,0.1992,0.1033,0.0033,0,0.0000,0.0000
62000,-0.0310,0.4109,-69.7613,68.9590,-4.0237,0.1993,0.1024,0.0033,0,0.0000,0.0000
62200,-0.0344,0.5588,-69.7181,68.9105,-4.0538,0.1992,0.1031,0.0026,0,0.0000,0.0000
62400,-0.0326,0.2574,-69.8877,69.0822,-4.0328,0.1997,0.1010,0.0026,0,0.0000,0.0000
62600,-0.0324,0.3318,-69.7648,68.9585,-4.0413,0.1995,0.1019,0.0020,0,0.0000,0.0000
62800,-0.0395,0.6728,-69.7867,68.9881,-3.9972,0.1998,0.1007,0.0039,0,0.0000,0.0000
63000,-0.0403,0.2609,-69.8924,69.0842,-4.0504,0.1995,0.1017,0.0020,0,0.0000,0.0000
63200,-0.0328,0.3561,-69.9518,69.1540,-4.0052,0.1991,0.1032,0.0026,0,0.0000,0.0000
63400,-0.0350,0.2853,-70.0126,69.2085,-4.0276,0.1995,0.1019,0.0033,0,0.0000,0.0000
63600,-0.0356,0.4180,-70.0985,69.2924,-4.0442,0.1993,0.1029,0.0007,0,0.0000,0.0000
63800,-0.0348,0.3277,-69.9814,69.1760,-4.0356,0.1995,0.1017,0.0026,0,0.0000,0.0000
64000,-0.0390,0.5207,-70.0375,69.2320,-4.0369,0.1995,0.1019,0.0013,0,0.0000,0.0000
64200,-0.0335,0.4457,-70.1389,69.3358,-4.0263,0.1994,0.1020,0.0026,0,0.0000,0.0000
64400,-0.0347,0.3265,-70.1599,69.3525,-4.0504,0.1993,0.1029,0.0026,0,0.0000,0.0000
64600,-0.0404,0.1500,-70.2137,69.4053,-4.0471,0.1997,0.1009,0.0020,0,0.0000,0.0000
64800,-0.0337,0.3272,-70.2690,69.4622,-4.0417,0.1996,0.1016,0.0020,0,0.0000,0.0000
65000,-0.0347,0.3023,-70.3334,69.5286,-4.0326,0.1994,0.1017,0.0026,0,0.0000,0.0000
65200,-0.0413,0.4178,-70.2550,69.4496,-4.0417,0.1992,0.1028,0.0026,0,0.0000,0.0000
65400,-0.0329,0.0917,-70.3589,69.5482,-4.0601,0.1997,0.1009,0.0013,0,0.0000,0.0000
65600,-0.0390,0.4556,-70.3725,69.5695,-4.0288,0.1992,0.1032,0.0026,0,0.0000,0.0000
65800,-0.0340,0.4872,-70.4290,69.6224,-4.0471,0.1992,0.1030,0.0020,0,0.0000,0.0000
66000,-0.0344,0.2487,-70.4895,69.6827,-4.0392,0.1997,0.1010,0.0013,0,0.0000,0.0000
66200,-0.0340,0.2170,-70.4602,69.6492,-4.0688,0.1993,0.1023,0.0026,0,0.0000,0.0000
66400,-0.0378,0.1217,-70.4770,69.6759,-4.0161,0.1994,0.1026,0.0020,0,0.0000,0.0000
66600,-0.0338,0.4759,-70.4711,69.6584,-4.0664,0.1998,0.1006,0.0020,0,0.0000,0.0000
66800,-0.0332,0.4133,-70.5565,69.7453,-4.0624,0.1996,0.1014,0.0013,0,0.0000,0.0000
67000,-0.0340,0.3262,-70.5429,69.7364,-4.0393,0.1996,0.1013,0.0013,0,0.0000,0.0000
67200,-0.6103,0.7708,-70.5204,69.7175,-4.0216,0.1996,0.1012,0.0026,0,0.0000,0.0000
67400,-0.0346,0.3148,-70.6159,69.8077,-4.0467,0.1997,0.1009,0.0039,0,0.0000,0.0000
67600,-0.0350,0.4260,-70.7164,69.9132,-4.0205,0.1998,0.1008,0.0033,0,0.0000,0.0000
67800,-0.3355,0.2544,-70.6652,69.8619,-4.0316,0.1991,0.1031,0.0020,0,0.0000,0.0000
68000,-0.0343,0.6220,-70.7281,69.9226,-4.0325,0.1997,0.1010,0.0007,0,0.0000,0.0000
68200,-0.0383,0.6696,-70.7292,69.9277,-4.0233,0.1992,0.1033,0.0013,0,0.0000,0.0000
68400,-0.0867,0.2006,-70.8282,70.0218,-4.0443,0.1993,0.1027,0.0013,0,0.0000,0.0000
68600,-0.0338,0.2659,-70.8247,70.0183,-4.0423,0.1994,0.1020,0.0026,0,0.0000,0.0000
68800,-0.0336,0.3445,-70.8708,70.0615,-4.0502,0.1998,0.1006,0.0046,0,0.0000,0.0000
69000,-0.0289,0.2926,-70.9364,70.1334,-4.0280,0.1993,0.1025,0.0026,0,0.0000,0.0000
69200,-0.0354,0.2173,-70.8410,70.0323,-4.0542,0.1995,0.1021,0.0026,0,0.0000,0.0000
69400,-0.0340,0.2969,-70.9932,70.1827,-4.0587,0.1996,0.1014,0.0020,0,0.0000,0.0000
69600,-0.0369,0.4990,-70.9120,70.1093,-4.0246,0.1994,0.1025,0.0020,0,0.0000,0.0000
69800,-0.0429,0.3073,-71.0361,70.2226,-4.0749,0.1996,0.1014,0.0013,0,0.0000,0.0000
70000,-0.0340,0.2505,-71.0076,70.2063,-4.0138,0.1996,0.1014,0.0033,0,0.0000,0.0000
70200,-0.0327,0.1923,-71.1151,70.2995,-4.0857,0.1996,0.1013,0.0013,0,0.0000,0.0000
70400,-0.0343,0.2841,-71.1106,70.2985,-4.0709,0.1995,0.1018,0.0039,0,0.0000,0.0000
70600,-0.0338,0.4555,-71.0919,70.2937,-4.0054,0.1993,0.1027,0.0026,0,0.0000,0.0000
70800,-0.0334,0.1427,-71.1554,70.3452,-4.0589,0.1996,0.1014,0.0039,0,0.0000,0.0000
71000,-0.0390,0.3962,-71.0963,70.2868,-4.0574,0.1995,0.1015,0.0013,0,0.0000,0.0000
71200,-0.0398,0.2275,-71.2341,70.4294,-4.0298,0.1996,0.1012,0.0052,0,0.0000,0.0000
71400,-0.0337,0.1239,-71.1555,70.3472,-4.0436,0.1999,0.1004,0.0026,0,0.0000,0.0000
71600,-0.0338,0.2614,-71.1862,70.3814,-4.0375,0.1992,0.1031,0.0013,0,0.0000,0.0000
71800,-0.0342,0.4702,-71.2573,70.4510,-4.0380,0.1997,0.1013,0.0013,0,0.0000,0.0000
72000,-0.0347,0.4300,-71.2151,70.4072,-4.0457,0.1995,0.1018,0.0033,0,0.0000,0.0000
72200,-0.0340,0.3162,-71.3792,70.5739,-4.0367,0.1995,0.1019,0.0020,0,0.0000,0.0000
72400,-0.0339,0.2813,-71.3335,70.5223,-4.0653,0.1995,0.1015,0.0020,0,0.0000,0.0000
72600,-0.0329,0.3573,-71.4117,70.6061,-4.0352,0.1995,0.1016,0.0039,0,0.0000,0.0000
72800,-0.0331,0.3147,-71.3790,70.5739,-4.0364,0.1995,0.1019,0.0020,0,0.0000,0.0000
73000,-0.0408,0.7415,-71.3548,70.5539,-4.0178,0.1992,0.1029,0.0013,0,0.0000,0.0000
73200,-0.0343,0.5964,-71.4747,70.6633,-4.0594,0.1999,0.1004,0.0020,0,0.0000,0.0000
73400,-0.0346,0.3513,-71.3615,70.5578,-4.0261,0.1996,0.1014,0.0007,0,0.0000,0.0000
73600,-0.0399,0.0617,-71.5297,70.7203,-4.0600,0.1993,0.1025,0.0013,0,0.0000,0.0000
73800,-0.0336,0.4451,-71.4483,70.6412,-4.0393,0.1998,0.1006,0.0007,0,0.0000,0.0000
74000,-0.0341,0.2447,-71.5717,70.7589,-4.0695,0.1997,0.1010,0.0007,0,0.0000,0.0000
74200,-0.0387,0.1375,-71.5604,70.7485,-4.0660,0.1997,0.1009,0.0013,0,0.0000,0.0000
74400,-0.0333,0.2791,-71.6334,70.8303,-4.0235,0.1996,0.1016,0.0033,0,0.0000,0.0000
74600,-0.0432,0.4737,-71.5748,70.7641,-4.0597,0.1996,0.1014,0.0013,0,0.0000,0.0000
74800,-0.5840,0.2725,-71.6927,70.8843,-4.0526,0.1994,0.1020,0.0013,0,0.0000,0.0000
75000,-0.0335,0.1033,-71.5936,70.7816,-4.0816,0.1989,0.1041,0.0026,0,0.0000,0.0000
75200,-0.0401,0.1848,-71.6306,70.8212,-4.0627,0.1992,0.1032,0.0026,0,0.0000,0.0000
75400,-0.2894,0.3711,-71.5901,70.7870,-4.0236,0.1996,0.1013,0.0039,0,0.0000,0.0000
75600,-0.0331,0.3993,-71.7848,70.9745,-4.0530,0.1999,0.1003,0.0026,0,0.0000,0.0000
75800,-0.0406,0.1137,-71.8373,71.0290,-4.0524,0.1994,0.1022,0.0033,0,0.0000,0.0000
76000,-0.0452,0.2973,-71.7738,70.9671,-4.0378,0.1998,0.1007,0.0020,0,0.0000,0.0000
76200,-0.0385,0.3572,-71.7981,70.9936,-4.0280,0.1997,0.1010,0.0020,0,0.0000,0.0000
76400,-0.0346,0.1154,-71.7392,70.9310,-4.0534,0.1993,0.1025,0.0013,0,0.0000,0.0000
76600,-0.0299,0.5487,-71.7808,70.9759,-4.0353,0.1994,0.1021,0.0065,0,0.0000,0.0000
76800,-0.0340,0.0700,-71.8011,70.9995,-4.0170,0.1995,0.1016,0.0013,0,0.0000,0.0000
77000,-0.0347,0.4564,-71.9133,71.1038,-4.0538,0.1997,0.1012,0.0007,0,0.0000,0.0000
77200,-0.0351,0.2770,-71.8838,71.0744,-4.0505,0.1998,0.1007,0.0033,0,0.0000,0.0000
77400,-0.0360,0.3080,-71.8287,71.0217,-4.0471,0.1993,0.1025,0.0026,0,0.0000,0.0000
77600,-0.0393,0.4860,-71.8902,71.0851,-4.0344,0.1995,0.1020,0.0013,0,0.0000,0.0000
77800,-0.0326,0.1360,-71.9157,71.1163,-4.0150,0.1991,0.1035,0.0020,0,0.0000,0.0000
78000,-0.0345,0.4050,-71.8482,71.0418,-4.0458,0.1993,0.1024,0.0013,0,0.0000,0.0000
78200,-0.0341,0.4773,-71.8317,71.0224,-4.0623,0.1993,0.1027,0.0033,0,0.0000,0.0000
78400,-0.0364,0.4171,-72.0048,71.2001,-4.0277,0.1998,0.1007,0.0020,0,0.0000,0.0000
78600,-0.0345,0.8002,-72.0123,71.2020,-4.0626,0.1994,0.1025,0.0033,0,0.0000,0.0000
78800,-0.0340,0.2123,-72.0089,71.2078,-4.0235,0.1989,0.1042,0.0013,0,0.0000,0.0000
79000,-0.0331,0.2628,-72.0043,71.1954,-4.0598,0.1992,0.1030,0.0033,0,0.0000,0.0000
79200,-0.0361,0.4037,-72.0105,71.2113,-4.0086,0.1993,0.1025,0.0026,0,0.0000,0.0000
79400,-0.0341,0.2658,-72.0898,71.2833,-4.0350,0.1999,0.1004,0.0013,0,0.0000,0.0000
79600,-0.0329,0.6093,-72.1349,71.3252,-4.0581,0.1995,0.1017,0.0013,0,0.0000,0.0000
79800,-0.0407,0.3687,-72.2082,71.4046,-4.0228,0.1998,0.1008,0.0026,0,0.0000,0.0000
80000,-0.0347,0.3603,-72.1402,71.3342,-4.0450,0.1992,0.1032,0.0007,0,0.0000,0.0000
80200,-0.0393,0.4199,-72.0948,71.2862,-4.0495,0.1996,0.1012,0.0026,0,0.0000,0.0000
80400,-0.0386,0.4521,-72.0379,71.2349,-4.0231,0.1996,0.1014,0.0039,0,0.0000,0.0000
80600,-0.0352,0.3240,-72.1676,71.3636,-4.0292,0.1995,0.1020,0.0033,0,0.0000,0.0000
80800,-0.0373,0.3493,-72.1579,71.3519,-4.0445,0.1993,0.1029,0.0007,0,0.0000,0.0000
81000,-0.0335,0.3949,-72.1289,71.3268,-4.0281,0.1990,0.1032,0.0020,0,0.0000,0.0000
81200,-0.0338,0.2079,-72.2397,71.4379,-4.0136,0.1997,0.1011,0.0007,0,0.0000,0.0000
81400,-0.0341,0.1672,-72.1942,71.3876,-4.0457,0.1993,0.1024,0.0020,0,0.0000,0.0000
81600,-0.0373,0.1789,-72.3117,71.5088,-4.0230,0.1995,0.1017,0.0000,0,0.0000,0.0000
81800,-0.0336,0.3544,-72.2978,71.4900,-4.0509,0.1994,0.1026,0.0026,0,0.0000,0.0000
82000,-0.0372,0.1405,-72.2234,71.4177,-4.0437,0.1992,0.1031,0.0033,0,0.0000,0.0000
82200,-0.0395,0.1184,-72.3190,71.5124,-4.0436,0.1994,0.1024,0.0033,0,0.0000,0.0000
82400,-0.5454,0.2978,-72.2555,71.4580,-4.0103,0.1988,0.1047,0.0020,0,0.0000,0.0000
82600,-0.0343,0.1808,-72.2940,71.4904,-4.0264,0.1995,0.1017,0.0007,0,0.0000,0.0000
82800,-0.0338,0.5869,-72.2878,71.4834,-4.0344,0.1993,0.1025,0.0046,0,0.0000,0.0000
83000,-0.1722,0.1590,-72.3827,71.5816,-4.0185,0.1993,0.1025,0.0013,0,0.0000,0.0000
83200,-0.0393,0.3592,-72.3936,71.5842,-4.0545,0.1996,0.1014,0.0026,0,0.0000,0.0000
83400,-0.0343,0.2695,-72.3905,71.5841,-4.0362,0.1997,0.1009,0.0020,0,0.0000,0.0000
83600,-0.0310,0.5836,-72.3729,71.5664,-4.0436,0.1995,0.1023,0.0026,0,0.0000,0.0000
83800,-0.0361,0.1705,-72.4446,71.6426,-4.0204,0.1994,0.1021,0.0020,0,0.0000,0.0000
84000,-0.0346,0.1923,-72.4224,71.6191,-4.0300,0.1992,0.1027,0.0007,0,0.0000,0.0000
84200,-0.0308,0.2386,-72.4414,71.6335,-4.0558,0.1991,0.1036,0.0033,0,0.0000,0.0000
84400,-0.0340,0.3669,-72.4552,71.6450,-4.0584,0.1997,0.1013,0.0026,0,0.0000,0.0000
84600,-0.0335,0.3123,-72.4020,71.5994,-4.0264,0.1993,0.1027,0.0046,0,0.0000,0.0000
84800,-0.0319,0.5672,-72.3922,71.5847,-4.0446,0.1996,0.1013,0.0020,0,0.0000,0.0000
85000,-0.0351,0.2881,-72.5014,71.6972,-4.0357,0.1992,0.1035,0.0000,0,0.0000,0.0000
85200,-0.0382,0.2239,-72.5604,71.7506,-4.0551,0.1997,0.1013,0.0013,0,0.0000,0.0000
85400,-0.0333,0.2513,-72.5029,71.6955,-4.0447,0.1995,0.1020,0.0000,0,0.0000,0.0000
85600,-0.0341,0.1610,-72.5373,71.7262,-4.0635,0.1996,0.1015,0.0013,0,0.0000,0.0000
85800,-0.0343,0.2534,-72.5616,71.7506,-4.0693,0.1993,0.1029,0.0007,0,0.0000,0.0000
86000,-0.0395,0.5925,-72.5264,71.7219,-4.0401,0.1990,0.1037,0.0007,0,0.0000,0.0000
86200,-0.0383,0.5943,-72.5914,71.7905,-4.0131,0.1995,0.1017,0.0039,0,0.0000,0.0000
86400,-0.0344,0.3337,-72.6030,71.7952,-4.0465,0.1995,0.1017,0.0033,0,0.0000,0.0000
86600,-0.0338,0.2571,-72.5401,71.7360,-4.0325,0.1994,0.1022,0.0020,0,0.0000,0.0000
86800,-0.0359,0.8009,-72.7038,71.8925,-4.0583,0.1999,0.1003,0.0039,0,0.0000,0.0000
87000,-0.0348,0.3101,-72.6227,71.8154,-4.0403,0.1998,0.1007,0.0020,0,0.0000,0.0000
87200,-0.0397,0.4011,-72.6930,71.8873,-4.0345,0.1997,0.1013,0.0026,0,0.0000,0.0000
87400,-0.0391,0.2178,-72.6646,71.8650,-4.0051,0.1996,0.1018,0.0026,0,0.0000,0.0000
87600,-0.0368,0.2318,-72.7180,71.9150,-4.0295,0.1993,0.1029,0.0013,0,0.0000,0.0000
87800,-0.0351,0.2723,-72.6607,71.8558,-4.0366,0.1992,0.1030,0.0052,0,0.0000,0.0000
88000,-0.0352,0.3740,-72.6460,71.8356,-4.0624,0.1993,0.1024,0.0020,0,0.0000,0.0000
88200,-0.0332,0.3054,-72.7245,71.9189,-4.0365,0.1995,0.1020,0.0000,0,0.0000,0.0000
88400,-0.0355,0.2822,-72.7017,71.8962,-4.0395,0.1993,0.1025,0.0059,0,0.0000,0.0000
88600,-0.0337,0.1703,-72.7563,71.9518,-4.0299,0.1996,0.1016,0.0039,0,0.0000,0.0000
88800,-0.0347,0.2565,-72.7845,71.9794,-4.0430,0.1991,0.1035,0.0013,0,0.0000,0.0000
89000,-0.0330,0.3208,-72.8513,72.0393,-4.0625,0.1999,0.1003,0.0020,0,0.0000,0.0000
89200,-0.0376,0.2335,-72.8377,72.0316,-4.0472,0.1992,0.1030,0.0026,0,0.0000,0.0000
89400,-0.6567,0.1715,-72.8678,72.0617,-4.0463,0.1991,0.1034,0.0046,0,0.0000,0.0000
89600,-0.0336,0.3988,-72.9337,72.1282,-4.0323,0.1997,0.1011,0.0000,0,0.0000,0.0000
89800,-0.0341,0.4725,-72.8142,72.0050,-4.0514,0.1997,0.1010,0.0026,0,0.0000,0.0000
90000,-0.3961,0.2049,-72.8016,71.9933,-4.0493,0.1995,0.1017,0.0039,0,0.0000,0.0000
90200,-0.0345,0.1800,-72.7533,71.9486,-4.0375,0.1991,0.1033,0.0033,0,0.0000,0.0000
90400,-0.0345,0.1952,-72.8404,72.0363,-4.0310,0.1994,0.1020,0.0026,0,0.0000,0.0000
90600,-0.1251,0.4503,-72.7502,71.9435,-4.0449,0.1993,0.1023,0.0013,0,0.0000,0.0000
90800,-0.0358,0.4713,-72.8120,72.0064,-4.0353,0.1996,0.1016,0.0020,0,0.0000,0.0000
91000,-0.0344,0.2193,-72.8902,72.0852,-4.0304,0.1997,0.1010,0.0020,0,0.0000,0.0000
91200,-0.0317,0.2110,-72.8852,72.0790,-4.0395,0.1994,0.1017,0.0007,0,0.0000,0.0000
91400,-0.0385,0.3948,-72.8866,72.0753,-4.0716,0.1992,0.1030,0.0026,0,0.0000,0.0000
91600,-0.0339,0.3192,-72.9356,72.1325,-4.0300,0.1992,0.1031,0.0013,0,0.0000,0.0000
91800,-0.0316,0.4387,-72.9353,72.1315,-4.0371,0.1991,0.1032,0.0026,0,0.0000,0.0000
92000,-0.0349,0.5280,-72.9018,72.0935,-4.0531,0.1993,0.1024,0.0039,0,0.0000,0.0000
92200,-0.0354,0.2512,-72.9220,72.1241,-4.0056,0.1990,0.1042,0.0020,0,0.0000,0.0000
92400,-0.0324,0.4792,-72.8772,72.0702,-4.0456,0.1993,0.1025,0.0039,0,0.0000,0.0000
92600,-0.0349,0.2243,-73.0115,72.2067,-4.0352,0.1993,0.1026,0.0033,0,0.0000,0.0000
92800,-0.0344,0.2594,-73.0191,72.2092,-4.0558,0.1996,0.1012,0.0039,0,0.0000,0.0000
93000,-0.0333,0.1977,-72.9576,72.1471,-4.0606,0.1995,0.1014,0.0020,0,0.0000,0.0000
93200,-0.0335,0.0668,-73.0701,72.2628,-4.0428,0.1996,0.1013,0.0020,0,0.0000,0.0000
93400,-0.0329,0.1687,-73.0758,72.2713,-4.0310,0.1995,0.1017,0.0033,0,0.0000,0.0000
93600,-0.0331,0.2140,-73.0643,72.2576,-4.0394,0.1997,0.1010,0.0020,0,0.0000,0.0000
93800,-0.0343,0.4779,-73.0257,72.2220,-4.0273,0.1995,0.1019,0.0033,0,0.0000,0.0000
94000,-0.0339,0.3765,-72.8889,72.0856,-4.0283,0.1993,0.1025,0.0020,0,0.0000,0.0000
94200,-0.0336,0.3242,-73.0918,72.2865,-4.0342,0.1994,0.1017,0.0020,0,0.0000,0.0000
94400,-0.0370,0.1793,-73.0903,72.2837,-4.0380,0.1997,0.1011,0.0013,0,0.0000,0.0000
94600,-0.0366,0.8036,-73.0193,72.2162,-4.0232,0.1996,0.1018,0.0013,0,0.0000,0.0000
94800,-0.0351,0.3226,-73.0554,72.2503,-4.0360,0.1994,0.1021,0.0039,0,0.0000,0.0000
95000,-0.0340,0.6654,-73.0321,72.2300,-4.0217,0.1993,0.1028,0.0026,0,0.0000,0.0000
95200,-0.0347,0.2584,-73.0267,72.2182,-4.0558,0.1992,0.1027,0.0007,0,0.0000,0.0000
95400,-0.0346,0.2553,-73.1809,72.3674,-4.0744,0.1997,0.1010,0.0033,0,0.0000,0.0000
95600,-0.0342,0.3515,-73.0743,72.2673,-4.0426,0.1995,0.1017,0.0052,0,0.0000,0.0000
95800,-0.0347,0.8952,-73.1180,72.3107,-4.0495,0.1994,0.1021,0.0026,0,0.0000,0.0000
96000,-0.0338,0.1165,-73.1192,72.3083,-4.0598,0.1997,0.1011,0.0007,0,0.0000,0.0000
96200,-0.0375,0.5365,-73.1111,72.3010,-4.0606,0.1995,0.1018,0.0013,0,0.0000,0.0000
96400,-0.0337,0.2725,-73.1834,72.3763,-4.0506,0.1992,0.1031,0.0033,0,0.0000,0.0000
96600,-0.0356,0.1027,-73.2251,72.4217,-4.0222,0.1996,0.1014,0.0046,0,0.0000,0.0000
96800,-0.0344,0.2309,-73.1525,72.3494,-4.0185,0.1998,0.1006,0.0026,0,0.0000,0.0000
97000,-0.5544,0.3166,-73.2123,72.4106,-4.0142,0.1996,0.1013,0.0026,0,0.0000,0.0000
97200,-0.0348,0.2339,-73.2079,72.4012,-4.0422,0.1995,0.1020,0.0020,0,0.0000,0.0000
97400,-0.0347,0.2695,-73.1900,72.3864,-4.0297,0.1993,0.1024,0.0007,0,0.0000,0.0000
97600,-0.3613,0.5165,-73.1299,72.3250,-4.0325,0.1996,0.1013,0.0026,0,0.0000,0.0000
97800,-0.0350,0.4202,-73.2163,72.4085,-4.0486,0.1995,0.1019,0.0026,0,0.0000,0.0000
98000,-0.0350,0.3060,-73.2065,72.3991,-4.0472,0.1993,0.1025,0.0013,0,0.0000,0.0000
98200,-0.0866,0.4254,-73.2280,72.4228,-4.0338,0.1995,0.1021,0.0046,0,0.0000,0.0000
98400,-0.0355,0.6221,-73.2013,72.3973,-4.0340,0.1992,0.1032,0.0020,0,0.0000,0.0000
98600,-0.0357,0.4755,-73.1504,72.3413,-4.0487,0.1998,0.1006,0.0020,0,0.0000,0.0000
98800,-0.0320,0.3352,-73.2729,72.4615,-4.0653,0.1996,0.1017,0.0020,0,0.0000,0.0000
99000,-0.0393,0.4142,-73.2189,72.4160,-4.0266,0.1994,0.1024,0.0013,0,0.0000,0.0000
99200,-0.0352,0.3972,-73.2387,72.4303,-4.0492,0.1995,0.1017,0.0033,0,0.0000,0.0000
99400,-0.0320,0.3966,-73.1995,72.3875,-4.0725,0.1994,0.1021,0.0026,0,0.0000,0.0000
99600,-0.0344,0.7014,-73.2848,72.4779,-4.0426,0.1995,0.1017,0.0026,0,0.0000,0.0000
99800,-0.0341,0.3999,-73.1826,72.3792,-4.0248,0.1996,0.1016,0.0000,0,0.0000,0.0000
100000,-0.0330,0.4775,-73.2554,72.4428,-4.0700,0.1997,0.1013,0.0026,0,0.0000,0.0000
100200,-0.0383,0.1722,-73.3090,72.4994,-4.0626,0.1992,0.1028,0.0046,0,0.0000,0.0000
100400,-0.0347,0.1844,-73.3774,72.5692,-4.0447,0.1998,0.1006,0.0020,0,0.0000,0.0000
100600,-0.0333,0.4766,-73.4036,72.5909,-4.0741,0.1995,0.1019,0.0007,0,0.0000,0.0000
100800,-0.0395,0.3900,-73.2899,72.4829,-4.0445,0.1995,0.1019,0.0020,0,0.0000,0.0000
101000,-0.0394,0.3167,-73.4097,72.6073,-4.0195,0.1996,0.1018,0.0013,0,0.0000,0.0000
101200,-0.0339,0.3113,-73.3444,72.5333,-4.0585,0.1998,0.1006,0.0046,0,0.0000,0.0000
101400,-0.0440,0.4851,-73.2834,72.4758,-4.0550,0.1992,0.1033,0.0033,0,0.0000,0.0000
101600,-0.0338,0.3944,-73.3596,72.5513,-4.0494,0.1995,0.1017,0.0046,0,0.0000,0.0000
101800,-0.0337,0.5312,-73.3425,72.5366,-4.0363,0.1997,0.1010,0.0020,0,0.0000,0.0000
102000,-0.0386,0.3703,-73.4211,72.6119,-4.0509,0.1997,0.1009,0.0033,0,0.0000,0.0000
102200,-0.0358,0.2641,-73.2700,72.4608,-4.0587,0.1994,0.1020,0.0007,0,0.0000,0.0000
102400,-0.0336,0.6003,-73.3467,72.5413,-4.0430,0.1990,0.1042,0.0020,0,0.0000,0.0000
102600,-0.0342,0.2483,-73.3799,72.5726,-4.0460,0.1995,0.1017,0.0013,0,0.0000,0.0000
102800,-0.0392,0.5221,-73.3720,72.5673,-4.0302,0.1996,0.1016,0.0033,0,0.0000,0.0000
103000,-0.0333,0.2076,-73.4164,72.6049,-4.0649,0.1996,0.1016,0.0033,0,0.0000,0.0000
103200,-0.0343,0.1769,-73.4383,72.6360,-4.0196,0.1995,0.1014,0.0020,0,0.0000,0.0000
103400,-0.0404,0.3917,-73.4439,72.6394,-4.0368,0.1993,0.1028,0.0039,0,0.0000,0.0000
103600,-0.0349,0.3564,-73.4128,72.6050,-4.0449,0.1996,0.1011,0.0039,0,0.0000,0.0000
103800,-0.0345,0.2722,-73.4893,72.6814,-4.0474,0.1996,0.1014,0.0000,0,0.0000,0.0000
104000,-0.0327,0.2472,-73.4054,72.5977,-4.0460,0.1997,0.1013,0.0000,0,0.0000,0.0000
104200,-0.0336,0.4271,-73.3558,72.5485,-4.0448,0.1995,0.1017,0.0039,0,0.0000,0.0000
104400,-0.0340,0.1715,-73.4123,72.6023,-4.0535,0.1998,0.1006,0.0013,0,0.0000,0.0000
104600,-0.5461,0.4431,-73.4339,72.6286,-4.0348,0.1995,0.1016,0.0033,0,0.0000,0.0000
104800,-0.0361,0.0625,-73.4128,72.6067,-4.0408,0.1994,0.1019,0.0026,0,0.0000,0.0000
105000,-0.0463,0.2062,-73.4308,72.6288,-4.0239,0.1993,0.1027,0.0013,0,0.0000,0.0000
105200,-0.3180,0.1616,-73.4478,72.6451,-4.0272,0.1992,0.1028,0.0026,0,0.0000,0.0000
105400,-0.0371,0.1776,-73.4361,72.6271,-4.0570,0.1993,0.1028,0.0033,0,0.0000,0.0000
105600,-0.0336,0.3185,-73.5190,72.7134,-4.0388,0.1995,0.1021,0.0026,0,0.0000,0.0000
105800,-0.0506,0.3072,-73.5490,72.7470,-4.0247,0.1992,0.1031,0.0013,0,0.0000,0.0000
106000,-0.0347,0.3902,-73.5098,72.7032,-4.0422,0.1994,0.1017,0.0033,0,0.0000,0.0000
106200,-0.0349,0.4599,-73.4774,72.6729,-4.0342,0.1993,0.1025,0.0020,0,0.0000,0.0000
106400,-0.0302,0.3557,-73.4615,72.6538,-4.0475,0.1995,0.1017,0.0026,0,0.0000,0.0000
106600,-0.0349,0.3837,-73.6001,72.7929,-4.0392,0.1998,0.1006,0.0020,0,0.0000,0.0000
106800,-0.0339,0.3806,-73.4192,72.6130,-4.0398,0.1995,0.1014,0.0020,0,0.0000,0.0000
107000,-0.0327,0.3366,-73.4542,72.6464,-4.0522,0.1993,0.1025,0.0039,0,0.0000,0.0000
107200,-0.0349,0.2292,-73.5066,72.7013,-4.0376,0.1994,0.1022,0.0039,0,0.0000,0.0000
107400,-0.0335,0.5309,-73.5562,72.7481,-4.0524,0.1992,0.1031,0.0020,0,0.0000,0.0000
107600,-0.0440,0.5507,-73.4584,72.6467,-4.0695,0.1994,0.1024,0.0026,0,0.0000,0.0000
107800,-0.0349,0.2858,-73.4691,72.6735,-3.9990,0.1989,0.1042,0.0020,0,0.0000,0.0000
108000,-0.0352,0.5197,-73.6217,72.8120,-4.0542,0.1997,0.1009,0.0033,0,0.0000,0.0000
108200,-0.0359,0.3615,-73.5314,72.7247,-4.0400,0.1997,0.1013,0.0026,0,0.0000,0.0000
108400,-0.0355,0.1540,-73.4660,72.6637,-4.0230,0.1992,0.1023,0.0020,0,0.0000,0.0000
108600,-0.0356,0.2291,-73.5927,72.7814,-4.0601,0.1998,0.1008,0.0013,0,0.0000,0.0000
108800,-0.0394,0.5585,-73.5149,72.7073,-4.0446,0.1996,0.1016,0.0039,0,0.0000,0.0000
109000,-0.0363,0.4633,-73.5911,72.7880,-4.0335,0.1990,0.1038,0.0039,0,0.0000,0.0000
109200,-0.0378,0.3582,-73.6069,72.7986,-4.0504,0.1995,0.1018,0.0020,0,0.0000,0.0000
109400,-0.0359,0.2559,-73.5309,72.7286,-4.0202,0.1995,0.1021,0.0046,0,0.0000,0.0000
109600,-0.0356,0.1228,-73.5769,72.7722,-4.0337,0.1994,0.1022,0.0020,0,0.0000,0.0000
109800,-0.0338,0.1349,-73.6003,72.7971,-4.0260,0.1995,0.1019,0.0013,0,0.0000,0.0000
110000,-0.0329,0.6035,-73.5551,72.7477,-4.0394,0.1999,0.1004,0.0013,0,0.0000,0.0000
110200,-0.0346,0.2578,-73.6764,72.8726,-4.0295,0.1994,0.1022,0.0026,0,0.0000,0.0000
110400,-0.0351,0.4602,-73.6231,72.8162,-4.0468,0.1994,0.1024,0.0046,0,0.0000,0.0000
110600,-0.0359,0.7101,-73.4994,72.6958,-4.0269,0.1995,0.1017,0.0020,0,0.0000,0.0000
110800,-0.0355,0.6281,-73.5432,72.7353,-4.0460,0.1996,0.1012,0.0039,0,0.0000,0.0000
111000,-0.0374,0.4444,-73.5176,72.7068,-4.0585,0.1997,0.1009,0.0013,0,0.0000,0.0000
111200,-0.0367,0.6046,-73.4839,72.6777,-4.0439,0.1993,0.1029,0.0026,0,0.0000,0.0000
111400,-0.0359,0.0957,-73.5308,72.7245,-4.0409,0.1994,0.1020,0.0046,0,0.0000,0.0000
111600,-0.0351,0.2517,-73.5843,72.7770,-4.0449,0.1995,0.1018,0.0033,0,0.0000,0.0000
111800,-0.0348,0.1352,-73.6853,72.8784,-4.0445,0.1994,0.1020,0.0026,0,0.0000,0.0000
112000,-0.0350,0.8265,-73.5890,72.7836,-4.0449,0.1991,0.1036,0.0020,0,0.0000,0.0000
112200,-0.5322,0.1308,-73.5636,72.7598,-4.0350,0.1992,0.1030,0.0020,0,0.0000,0.0000
112400,-0.0390,0.1579,-73.6267,72.8206,-4.0405,0.1994,0.1024,0.0020,0,0.0000,0.0000
112600,-0.0348,0.1068,-73.5846,72.7804,-4.0262,0.1998,0.1007,0.0033,0,0.0000,0.0000
112800,-0.1433,0.1776,-73.7275,72.9203,-4.0463,0.1995,0.1019,0.0039,0,0.0000,0.0000
113000,-0.0343,0.6425,-73.6281,72.8189,-4.0501,0.1998,0.1007,0.0033,0,0.0000,0.0000
113200,-0.0335,0.4716,-73.5627,72.7577,-4.0446,0.1990,0.1039,0.0033,0,0.0000,0.0000
113400,-0.0455,0.0718,-73.7105,72.9062,-4.0227,0.1999,0.1003,0.0020,0,0.0000,0.0000
113600,-0.0338,0.1946,-73.6512,72.8434,-4.0578,0.1990,0.1035,0.0026,0,0.0000,0.0000
113800,-0.0351,0.4365,-73.6979,72.8899,-4.0445,0.1997,0.1009,0.0046,0,0.0000,0.0000
114000,-0.0315,0.2748,-73.6324,72.8268,-4.0374,0.1995,0.1017,0.0007,0,0.0000,0.0000
114200,-0.0334,0.4077,-73.6300,72.8225,-4.0505,0.1992,0.1026,0.0026,0,0.0000,0.0000
114400,-0.0349,0.4231,-73.6660,72.8644,-4.0282,0.1989,0.1043,0.0007,0,0.0000,0.0000
114600,-0.0312,0.2788,-73.7002,72.8990,-4.0238,0.1991,0.1037,0.0013,0,0.0000,0.0000
114800,-0.0386,0.1304,-73.6413,72.8370,-4.0345,0.1993,0.1023,0.0026,0,0.0000,0.0000
115000,-0.0349,0.9352,-73.6407,72.8396,-4.0248,0.1993,0.1026,0.0020,0,0.0000,0.0000
115200,-0.0321,0.0784,-73.6889,72.8802,-4.0514,0.1996,0.1016,0.0007,0,0.0000,0.0000
115400,-0.0378,0.2459,-73.6494,72.8454,-4.0400,0.1989,0.1039,0.0033,0,0.0000,0.0000
115600,-0.0344,0.2861,-73.6363,72.8319,-4.0343,0.1993,0.1025,0.0026,0,0.0000,0.0000
115800,-0.0324,0.4685,-73.6249,72.8212,-4.0240,0.1997,0.1010,0.0013,0,0.0000,0.0000
116000,-0.0378,0.2084,-73.6929,72.8859,-4.0396,0.1997,0.1011,0.0013,0,0.0000,0.0000
116200,-0.0372,0.5351,-73.7237,72.9197,-4.0241,0.1997,0.1009,0.0000,0,0.0000,0.0000
116400,-0.0345,0.2883,-73.7369,72.9305,-4.0561,0.1989,0.1047,0.0046,0,0.0000,0.0000
116600,-0.0335,0.0797,-73.7468,72.9439,-4.0262,0.1993,0.1025,0.0020,0,0.0000,0.0000
116800,-0.0399,0.3078,-73.7031,72.8967,-4.0412,0.1995,0.1017,0.0007,0,0.0000,0.0000
117000,-0.0344,0.5705,-73.6104,72.8066,-4.0381,0.1990,0.1035,0.0020,0,0.0000,0.0000
117200,-0.0409,0.1859,-73.7500,72.9452,-4.0388,0.1992,0.1028,0.0000,0,0.0000,0.0000
117400,-0.0345,0.2635,-73.6721,72.8659,-4.0358,0.1997,0.1011,0.0020,0,0.0000,0.0000
117600,-0.0329,0.2795,-73.7030,72.8955,-4.0555,0.1990,0.1037,0.0033,0,0.0000,0.0000
117800,-0.0340,0.4361,-73.6647,72.8577,-4.0476,0.1993,0.1025,0.0020,0,0.0000,0.0000
118000,-0.0353,0.3001,-73.6676,72.8645,-4.0245,0.1995,0.1016,0.0039,0,0.0000,0.0000
118200,-0.0342,0.1149,-73.7806,72.9763,-4.0331,0.1994,0.1021,0.0007,0,0.0000,0.0000
118400,-0.0347,0.6746,-73.7167,72.9098,-4.0427,0.1995,0.1015,0.0013,0,0.0000,0.0000
118600,-0.0355,0.2417,-73.7506,72.9464,-4.0345,0.1992,0.1029,0.0013,0,0.0000,0.0000
118800,-0.0408,0.0992,-73.7871,72.9768,-4.0667,0.1993,0.1030,0.0026,0,0.0000,0.0000
119000,-0.0388,0.6030,-73.7770,72.9684,-4.0517,0.1995,0.1015,0.0026,0,0.0000,0.0000
119200,-0.5937,0.3045,-73.7275,72.9181,-4.0575,0.1994,0.1025,0.0033,0,0.0000,0.0000
119400,-0.0323,0.3232,-73.7649,72.9614,-4.0277,0.1994,0.1022,0.0026,0,0.0000,0.0000
119600,-0.0343,0.3451,-73.7649,72.9577,-4.0453,0.1996,0.1016,0.0013,0,0.0000,0.0000
119800,-0.4858,0.5014,-73.8462,73.0372,-4.0513,0.1997,0.1010,0.0020,0,0.0000,0.0000
120000,-0.0341,0.1808,-73.8040,72.9946,-4.0556,0.1996,0.1016,0.0013,0,0.0000,0.0000
120200,-0.0344,0.6426,-73.6762,72.8719,-4.0294,0.1995,0.1017,0.0013,0,0.0000,0.0000
120400,-0.0960,0.5666,-73.7471,72.9415,-4.0380,0.1995,0.1019,0.0013,0,0.0000,0.0000
120600,-0.0394,0.2855,-73.7224,72.9193,-4.0264,0.1994,0.1024,0.0013,0,0.0000,0.0000
120800,-0.0339,0.2366,-73.7825,72.9746,-4.0471,0.1996,0.1013,0.0007,0,0.0000,0.0000
121000,-0.0285,0.3050,-73.6658,72.8623,-4.0307,0.1992,0.1031,0.0039,0,0.0000,0.0000
121200,-0.0333,0.0478,-73.7559,72.9522,-4.0255,0.1997,0.1011,0.0033,0,0.0000,0.0000
121400,-0.0342,0.4476,-73.6805,72.8751,-4.0347,0.1995,0.1015,0.0013,0,0.0000,0.0000
121600,-0.0304,0.2521,-73.7934,72.9885,-4.0375,0.1992,0.1028,0.0033,0,0.0000,0.0000
121800,-0.0402,0.2224,-73.7988,72.9932,-4.0336,0.1997,0.1013,0.0026,0,0.0000,0.0000
122000,-0.0347,0.3207,-73.7754,72.9736,-4.0220,0.1993,0.1025,0.0046,0,0.0000,0.0000
122200,-0.0321,0.0991,-73.8269,73.0180,-4.0480,0.1998,0.1007,0.0013,0,0.0000,0.0000
122400,-0.0357,0.2642,-73.7836,72.9696,-4.0712,0.2000,0.1001,0.0013,0,0.0000,0.0000
122600,-0.0349,0.1191,-73.8353,73.0294,-4.0393,0.1994,0.1020,0.0020,0,0.0000,0.0000
122800,-0.0336,0.3601,-73.7374,72.9284,-4.0503,0.1997,0.1011,0.0026,0,0.0000,0.0000
123000,-0.0349,0.3429,-73.8032,72.9960,-4.0483,0.1992,0.1032,0.0026,0,0.0000,0.0000
123200,-0.0344,0.2192,-73.8285,73.0219,-4.0466,0.1993,0.1023,0.0039,0,0.0000,0.0000
123400,-0.0335,0.2469,-73.7938,72.9827,-4.0608,0.1997,0.1009,0.0046,0,0.0000,0.0000
123600,-0.0344,0.3553,-73.7439,72.9388,-4.0398,0.1991,0.1029,0.0026,0,0.0000,0.0000
123800,-0.0342,0.1932,-73.7792,72.9766,-4.0246,0.1994,0.1021,0.0020,0,0.0000,0.0000
124000,-0.0355,0.5235,-73.8101,73.0057,-4.0256,0.1997,0.1009,0.0020,0,0.0000,0.0000
124200,-0.0349,0.5366,-73.8421,73.0376,-4.0297,0.1996,0.1014,0.0020,0,0.0000,0.0000
124400,-0.0336,0.2065,-73.9159,73.1121,-4.0263,0.1996,0.1013,0.0033,0,0.0000,0.0000
124600,-0.0357,0.7760,-73.8069,73.0009,-4.0425,0.1994,0.1024,0.0020,0,0.0000,0.0000
124800,-0.0342,0.3078,-73.8788,73.0672,-4.0640,0.1997,0.1013,0.0020,0,0.0000,0.0000
125000,-0.0335,0.1502,-73.8627,73.0568,-4.0370,0.1996,0.1016,0.0013,0,0.0000,0.0000
125200,-0.0354,0.1601,-73.7207,72.9119,-4.0556,0.1993,0.1027,0.0020,0,0.0000,0.0000
125400,-0.0366,0.4045,-73.8503,73.0436,-4.0439,0.1994,0.1018,0.0033,0,0.0000,0.0000
125600,-0.0343,0.4620,-73.8236,73.0198,-4.0313,0.1993,0.1025,0.0039,0,0.0000,0.0000
125800,-0.0348,0.2859,-73.8543,73.0435,-4.0625,0.1996,0.1016,0.0026,0,0.0000,0.0000
126000,-0.0351,0.2451,-73.8660,73.0575,-4.0503,0.1996,0.1017,0.0033,0,0.0000,0.0000
126200,-0.0342,0.1301,-73.8324,73.0284,-4.0308,0.1994,0.1021,0.0026,0,0.0000,0.0000
126400,-0.0351,0.1942,-73.9135,73.1028,-4.0591,0.1997,0.1010,0.0013,0,0.0000,0.0000
126600,-0.0353,0.1893,-73.9189,73.1013,-4.0948,0.1997,0.1010,0.0007,0,0.0000,0.0000
126800,-0.6214,0.5043,-73.7709,72.9631,-4.0491,0.1994,0.1022,0.0026,0,0.0000,0.0000
127000,-0.0343,0.2375,-73.8283,73.0213,-4.0438,0.1995,0.1019,0.0033,0,0.0000,0.0000
127200,-0.0334,0.1535,-73.7912,72.9840,-4.0452,0.1996,0.1016,0.0026,0,0.0000,0.0000
127400,-0.3644,0.2563,-73.8550,73.0441,-4.0665,0.1994,0.1024,0.0026,0,0.0000,0.0000
127600,-0.0355,0.4731,-73.8640,73.0545,-4.0501,0.1998,0.1006,0.0039,0,0.0000,0.0000
127800,-0.0384,0.3133,-73.8487,73.0414,-4.0427,0.1997,0.1013,0.0013,0,0.0000,0.0000
128000,-0.0738,0.1650,-73.9056,73.0957,-4.0543,0.1998,0.1007,0.0020,0,0.0000,0.0000
128200,-0.0335,0.6233,-73.8264,73.0190,-4.0439,0.1996,0.1013,0.0020,0,0.0000,0.0000
128400,-0.0340,0.3475,-73.9166,73.1075,-4.0571,0.1994,0.1029,0.0007,0,0.0000,0.0000
128600,-0.0296,0.3295,-73.8418,73.0354,-4.0389,0.1996,0.1013,0.0007,0,0.0000,0.0000
128800,-0.0346,0.3826,-73.8914,73.0869,-4.0362,0.1993,0.1027,0.0026,0,0.0000,0.0000
129000,-0.0357,0.2259,-73.8779,73.0653,-4.0713,0.1996,0.1013,0.0007,0,0.0000,0.0000
129200,-0.0323,0.3092,-73.7905,72.9876,-4.0227,0.1995,0.1021,0.0026,0,0.0000,0.0000
129400,-0.0351,0.1618,-73.9050,73.1013,-4.0250,0.1996,0.1014,0.0007,0,0.0000,0.0000
129600,-0.0350,0.3357,-73.8244,73.0132,-4.0618,0.1996,0.1015,0.0020,0,0.0000,0.0000
129800,-0.0326,0.3988,-73.8689,73.0578,-4.0634,0.1995,0.1017,0.0007,0,0.0000,0.0000
130000,-0.0391,0.2651,-73.9071,73.0971,-4.0586,0.1995,0.1017,0.0033,0,0.0000,0.0000
130200,-0.0367,0.6355,-73.7952,72.9851,-4.0562,0.1996,0.1016,0.0026,0,0.0000,0.0000
130400,-0.0346,0.6710,-73.8144,73.0082,-4.0380,0.1997,0.1013,0.0007,0,0.0000,0.0000
130600,-0.0353,0.2675,-73.8524,73.0524,-4.0144,0.1992,0.1028,0.0020,0,0.0000,0.0000
130800,-0.0360,0.6906,-73.8652,73.0570,-4.0464,0.1998,0.1010,0.0020,0,0.0000,0.0000
131000,-0.0341,0.5640,-73.8434,73.0386,-4.0307,0.1996,0.1015,0.0026,0,0.0000,0.0000
131200,-0.0341,0.3570,-73.7821,72.9733,-4.0535,0.1994,0.1020,0.0039,0,0.0000,0.0000
131400,-0.0332,0.3507,-73.8342,73.0263,-4.0494,0.1995,0.1019,0.0013,0,0.0000,0.0000
131600,-0.0358,0.1594,-73.8839,73.0846,-4.0134,0.1990,0.1042,0.0033,0,0.0000,0.0000
131800,-0.0346,0.1347,-73.8935,73.0867,-4.0458,0.1994,0.1024,0.0033,0,0.0000,0.0000
132000,-0.0352,0.3104,-73.8690,73.0610,-4.0605,0.1990,0.1041,0.0033,0,0.0000,0.0000
132200,-0.0392,0.2167,-73.9698,73.1619,-4.0523,0.1993,0.1025,0.0039,0,0.0000,0.0000
132400,-0.0340,0.2843,-73.8230,73.0194,-4.0392,0.1987,0.1050,0.0013,0,0.0000,0.0000
132600,-0.0332,0.3736,-73.9409,73.1326,-4.0503,0.1995,0.1018,0.0039,0,0.0000,0.0000
132800,-0.0374,0.2227,-73.9448,73.1383,-4.0498,0.1991,0.1040,0.0013,0,0.0000,0.0000
133000,-0.0351,0.2211,-73.9966,73.1888,-4.0440,0.1997,0.1011,0.0013,0,0.0000,0.0000
133200,-0.0374,0.1380,-73.7833,72.9774,-4.0412,0.1994,0.1020,0.0020,0,0.0000,0.0000
133400,-0.0342,0.2036,-73.9120,73.1101,-4.0249,0.1992,0.1032,0.0026,0,0.0000,0.0000
133600,-0.0353,0.5007,-73.8358,73.0272,-4.0597,0.1991,0.1032,0.0020,0,0.0000,0.0000
133800,-0.0344,0.3815,-73.9884,73.1821,-4.0416,0.1994,0.1021,0.0013,0,0.0000,0.0000
134000,-0.0336,0.2894,-73.8927,73.0923,-4.0072,0.1997,0.1009,0.0007,0,0.0000,0.0000
134200,-0.0391,0.2391,-73.9085,73.0999,-4.0611,0.1991,0.1035,0.0007,0,0.0000,0.0000
134400,-0.5536,0.1807,-73.8878,73.0818,-4.0441,0.1992,0.1031,0.0026,0,0.0000,0.0000
134600,-0.0340,0.4232,-73.8596,73.0566,-4.0221,0.1996,0.1012,0.0013,0,0.0000,0.0000
134800,-0.0343,0.1247,-73.8730,73.0617,-4.0630,0.1996,0.1012,0.0033,0,0.0000,0.0000
135000,-0.2811,0.6035,-73.8689,73.0566,-4.0682,0.1996,0.1012,0.0033,0,0.0000,0.0000
135200,-0.0367,0.3127,-73.8918,73.0851,-4.0460,0.1993,0.1022,0.0033,0,0.0000,0.0000
135400,-0.0336,0.1644,-73.9105,73.1060,-4.0352,0.1993,0.1025,0.0020,0,0.0000,0.0000
135600,-0.0488,0.5187,-73.9330,73.1311,-4.0199,0.1994,0.1020,0.0039,0,0.0000,0.0000
135800,-0.0394,0.3040,-73.9453,73.1375,-4.0486,0.1995,0.1018,0.0039,0,0.0000,0.0000
136000,-0.0385,0.2830,-73.9227,73.1142,-4.0482,0.1997,0.1008,0.0020,0,0.0000,0.0000
136200,-0.0301,0.5791,-73.9568,73.1499,-4.0423,0.1996,0.1013,0.0020,0,0.0000,0.0000
136400,-0.0386,0.3875,-73.9583,73.1534,-4.0359,0.1995,0.1018,0.0007,0,0.0000,0.0000
136600,-0.0331,0.2943,-73.9028,73.0993,-4.0300,0.1993,0.1025,0.0013,0,0.0000,0.0000
136800,-0.0312,0.2792,-73.8945,73.0897,-4.0385,0.1992,0.1029,0.0020,0,0.0000,0.0000
137000,-0.0342,0.1931,-73.9815,73.1739,-4.0457,0.1996,0.1016,0.0020,0,0.0000,0.0000
137200,-0.0350,0.4168,-73.9810,73.1725,-4.0465,0.1998,0.1007,0.0039,0,0.0000,0.0000
137400,-0.0325,0.2827,-73.9236,73.1190,-4.0333,0.1995,0.1017,0.0013,0,0.0000,0.0000
137600,-0.0380,0.5074,-73.9220,73.1130,-4.0531,0.1996,0.1014,0.0000,0,0.0000,0.0000
137800,-0.0339,0.3398,-73.8898,73.0877,-4.0255,0.1991,0.1032,0.0020,0,0.0000,0.0000
138000,-0.0334,0.2970,-73.9566,73.1504,-4.0391,0.1996,0.1013,0.0007,0,0.0000,0.0000
138200,-0.0337,0.2499,-73.8939,73.0849,-4.0521,0.1996,0.1012,0.0007,0,0.0000,0.0000
138400,-0.0356,0.1922,-73.9346,73.1280,-4.0408,0.1996,0.1014,0.0026,0,0.0000,0.0000
138600,-0.0341,0.3698,-73.9035,73.0943,-4.0534,0.1996,0.1016,0.0020,0,0.0000,0.0000
138800,-0.0338,0.1743,-73.9387,73.1312,-4.0529,0.1992,0.1033,0.0020,0,0.0000,0.0000
139000,-0.0364,0.3042,-73.9246,73.1155,-4.0562,0.1994,0.1021,0.0020,0,0.0000,0.0000
139200,-0.0396,0.4890,-73.9026,73.0969,-4.0361,0.1996,0.1013,0.0033,0,0.0000,0.0000
139400,-0.0415,0.6484,-73.9005,73.0913,-4.0521,0.1996,0.1011,0.0033,0,0.0000,0.0000
139600,-0.0347,0.1490,-73.9913,73.1847,-4.0401,0.1996,0.1012,0.0026,0,0.0000,0.0000
139800,-0.0348,0.5186,-73.9993,73.1891,-4.0576,0.1997,0.1013,0.0033,0,0.0000,0.0000
140000,-0.0349,0.4194,-73.9561,73.1487,-4.0432,0.1996,0.1013,0.0020,0,0.0000,0.0000
140200,-0.0392,0.2612,-73.9421,73.1340,-4.0523,0.1994,0.1021,0.0026,0,0.0000,0.0000
140400,-0.0350,0.3628,-74.0494,73.2418,-4.0486,0.1993,0.1025,0.0020,0,0.0000,0.0000
140600,-0.0437,0.3212,-73.9504,73.1466,-4.0336,0.1993,0.1027,0.0020,0,0.0000,0.0000
140800,-0.0348,0.2087,-74.0475,73.2392,-4.0481,0.1996,0.1014,0.0039,0,0.0000,0.0000
141000,-0.0339,0.3720,-73.9688,73.1606,-4.0432,0.1999,0.1004,0.0020,0,0.0000,0.0000
141200,-0.0349,0.1710,-73.9798,73.1701,-4.0540,0.1997,0.1009,0.0007,0,0.0000,0.0000
141400,-0.0336,0.2855,-73.9110,73.1031,-4.0442,0.1998,0.1010,0.0013,0,0.0000,0.0000
141600,-0.0349,0.2021,-74.0562,73.2471,-4.0506,0.1997,0.1013,0.0013,0,0.0000,0.0000
141800,-0.0404,0.4975,-74.0164,73.2124,-4.0308,0.1995,0.1019,0.0013,0,0.0000,0.0000
142000,-0.5605,0.1129,-74.0397,73.2320,-4.0496,0.1993,0.1025,0.0039,0,0.0000,0.0000
142200,-0.0349,0.7272,-73.9456,73.1453,-4.0201,0.1990,0.1040,0.0007,0,0.0000,0.0000
142400,-0.0349,0.5198,-73.8893,73.0833,-4.0377,0.1996,0.1016,0.0033,0,0.0000,0.0000
142600,-0.1775,0.4039,-73.9570,73.1467,-4.0602,0.1995,0.1019,0.0013,0,0.0000,0.0000
142800,-0.0344,0.1873,-74.0652,73.2532,-4.0715,0.1993,0.1025,0.0020,0,0.0000,0.0000
143000,-0.0357,0.2826,-74.0131,73.2077,-4.0326,0.1996,0.1011,0.0013,0,0.0000,0.0000
143200,-0.0663,0.2511,-73.9666,73.1544,-4.0667,0.1997,0.1009,0.0013,0,0.0000,0.0000
143400,-0.0346,0.0898,-73.9979,73.1884,-4.0527,0.1997,0.1010,0.0007,0,0.0000,0.0000
143600,-0.0374,0.2233,-73.9804,73.1701,-4.0583,0.1996,0.1012,0.0026,0,0.0000,0.0000
143800,-0.0312,0.1348,-73.9887,73.1834,-4.0418,0.1992,0.1031,0.0020,0,0.0000,0.0000
144000,-0.0359,0.3811,-74.0544,73.2477,-4.0393,0.1997,0.1013,0.0020,0,0.0000,0.0000
144200,-0.0358,0.1317,-74.0550,73.2556,-4.0103,0.1993,0.1028,0.0052,0,0.0000,0.0000
144400,-0.0327,0.5040,-73.8887,73.0845,-4.0340,0.1993,0.1022,0.0033,0,0.0000,0.0000
144600,-0.0343,0.3814,-74.0051,73.1972,-4.0535,0.1993,0.1025,0.0007,0,0.0000,0.0000
144800,-0.0345,0.4643,-73.9765,73.1717,-4.0393,0.1991,0.1038,0.0059,0,0.0000,0.0000
145000,-0.0337,0.1233,-74.0101,73.1990,-4.0726,0.1992,0.1032,0.0046,0,0.0000,0.0000
145200,-0.0352,0.6374,-73.9711,73.1627,-4.0489,0.1996,0.1015,0.0033,0,0.0000,0.0000
145400,-0.0372,0.2719,-73.9657,73.1600,-4.0354,0.1996,0.1016,0.0026,0,0.0000,0.0000
145600,-0.0342,0.1557,-74.0564,73.2484,-4.0467,0.1996,0.1014,0.0013,0,0.0000,0.0000
145800,-0.0379,0.1331,-74.0564,73.2524,-4.0289,0.1995,0.1019,0.0007,0,0.0000,0.0000
146000,-0.0359,0.3492,-73.9909,73.1826,-4.0543,0.1993,0.1026,0.0033,0,0.0000,0.0000
146200,-0.0337,0.2807,-73.9930,73.1887,-4.0289,0.1996,0.1012,0.0020,0,0.0000,0.0000
146400,-0.0346,0.2791,-74.0018,73.1905,-4.0666,0.1995,0.1017,0.0020,0,0.0000,0.0000
146600,-0.0346,0.2707,-73.9997,73.1913,-4.0555,0.1992,0.1025,0.0020,0,0.0000,0.0000
146800,-0.0343,0.2821,-74.0929,73.2866,-4.0387,0.1996,0.1014,0.0026,0,0.0000,0.0000
147000,-0.0351,0.0923,-74.0868,73.2784,-4.0584,0.1992,0.1033,0.0026,0,0.0000,0.0000
147200,-0.0345,0.2797,-74.0048,73.1937,-4.0728,0.1992,0.1028,0.0039,0,0.0000,0.0000
147400,-0.0328,0.3826,-73.9901,73.1877,-4.0257,0.1993,0.1023,0.0007,0,0.0000,0.0000
147600,-0.0354,0.2304,-73.9566,73.1445,-4.0704,0.1995,0.1018,0.0013,0,0.0000,0.0000
147800,-0.0343,0.1924,-74.0076,73.2063,-4.0200,0.1992,0.1035,0.0013,0,0.0000,0.0000
148000,-0.0347,0.2597,-74.0895,73.2780,-4.0601,0.1999,0.1004,0.0020,0,0.0000,0.0000
148200,-0.0394,0.1161,-74.0758,73.2710,-4.0312,0.1996,0.1014,0.0039,0,0.0000,0.0000
148400,-0.0347,0.2918,-74.0692,73.2613,-4.0463,0.1996,0.1013,0.0026,0,0.0000,0.0000
148600,-0.0358,0.0457,-73.9808,73.1735,-4.0556,0.1990,0.1041,0.0033,0,0.0000,0.0000
148800,-0.0347,0.3026,-73.9607,73.1533,-4.0486,0.1993,0.1023,0.0020,0,0.0000,0.0000
149000,-0.6791,0.1671,-74.0512,73.2464,-4.0332,0.1995,0.1020,0.0026,0,0.0000,0.0000
149200,-0.0347,0.3336,-74.0098,73.2014,-4.0498,0.1996,0.1016,0.0052,0,0.0000,0.0000
149400,-0.0406,0.1989,-73.9529,73.1453,-4.0555,0.1990,0.1039,0.0007,0,0.0000,0.0000
149600,-0.4227,0.2798,-73.9797,73.1783,-4.0179,0.1993,0.1020,0.0007,0,0.0000,0.0000
149800,-0.0348,0.1441,-74.1131,73.3038,-4.0604,0.1992,0.1023,0.0052,0,0.0000,0.0000
150000,-0.0375,0.3095,-74.0638,73.2558,-4.0471,0.1996,0.1014,0.0026,0,0.0000,0.0000
150200,-0.1089,0.3104,-74.0080,73.2039,-4.0245,0.1998,0.1007,0.0033,0,0.0000,0.0000
150400,-0.0349,0.3867,-74.0057,73.1972,-4.0518,0.1995,0.1019,0.0013,0,0.0000,0.0000
150600,-0.0343,0.4398,-74.0628,73.2555,-4.0483,0.1993,0.1023,0.0020,0,0.0000,0.0000
150800,-0.0287,0.2854,-73.9736,73.1665,-4.0551,0.1990,0.1038,0.0020,0,0.0000,0.0000
151000,-0.0420,0.5457,-74.0017,73.1901,-4.0700,0.1994,0.1021,0.0013,0,0.0000,0.0000
151200,-0.0344,0.2130,-74.0574,73.2507,-4.0439,0.1995,0.1021,0.0033,0,0.0000,0.0000
151400,-0.0307,0.2111,-74.0618,73.2575,-4.0351,0.1993,0.1029,0.0026,0,0.0000,0.0000
151600,-0.0381,0.0987,-73.9249,73.1189,-4.0394,0.1995,0.1015,0.0020,0,0.0000,0.0000
151800,-0.0358,0.4322,-73.9628,73.1561,-4.0404,0.1996,0.1012,0.0033,0,0.0000,0.0000
152000,-0.0342,0.4405,-74.0256,73.2194,-4.0356,0.1997,0.1009,0.0026,0,0.0000,0.0000
152200,-0.0346,0.0916,-74.1172,73.3057,-4.0649,0.1996,0.1012,0.0020,0,0.0000,0.0000
152400,-0.0348,0.3004,-74.0603,73.2518,-4.0523,0.1995,0.1021,0.0039,0,0.0000,0.0000
152600,-0.0396,0.3149,-73.9648,73.1591,-4.0410,0.1994,0.1024,0.0013,0,0.0000,0.0000
152800,-0.0335,0.0733,-74.0828,73.2746,-4.0455,0.1997,0.1011,0.0039,0,0.0000,0.0000
153000,-0.0362,0.3837,-74.0991,73.2921,-4.0373,0.1999,0.1004,0.0046,0,0.0000,0.0000
153200,-0.0363,0.3111,-73.9747,73.1728,-4.0253,0.1991,0.1035,0.0000,0,0.0000,0.0000
153400,-0.0366,0.4668,-73.9842,73.1746,-4.0514,0.1998,0.1007,0.0013,0,0.0000,0.0000
153600,-0.0351,0.3476,-73.9632,73.1604,-4.0197,0.1997,0.1010,0.0020,0,0.0000,0.0000
153800,-0.0372,0.2255,-74.0968,73.2953,-4.0232,0.1992,0.1032,0.0026,0,0.0000,0.0000
154000,-0.0339,0.1352,-74.0399,73.2306,-4.0609,0.1992,0.1028,0.0039,0,0.0000,0.0000
154200,-0.0343,0.5582,-74.0370,73.2299,-4.0400,0.1997,0.1009,0.0013,0,0.0000,0.0000
154400,-0.0380,0.1086,-74.1549,73.3456,-4.0567,0.1993,0.1022,0.0026,0,0.0000,0.0000
154600,-0.0345,0.2600,-74.0778,73.2751,-4.0331,0.1990,0.1039,0.0000,0,0.0000,0.0000
154800,-0.0336,0.0919,-74.1724,73.3636,-4.0483,0.1997,0.1008,0.0033,0,0.0000,0.0000
155000,-0.0331,0.5329,-74.1149,73.3104,-4.0290,0.1996,0.1011,0.0013,0,0.0000,0.0000
155200,-0.0346,0.3733,-73.9492,73.1414,-4.0501,0.1994,0.1022,0.0059,0,0.0000,0.0000
155400,-0.0338,0.3186,-74.0558,73.2490,-4.0451,0.1994,0.1025,0.0020,0,0.0000,0.0000
155600,-0.0338,0.2213,-74.0432,73.2342,-4.0558,0.1994,0.1022,0.0052,0,0.0000,0.0000
155800,-0.0372,0.1939,-74.0886,73.2836,-4.0340,0.1995,0.1020,0.0026,0,0.0000,0.0000
156000,-0.0344,0.2882,-74.0493,73.2456,-4.0294,0.1994,0.1019,0.0039,0,0.0000,0.0000
156200,-0.0345,0.2608,-74.1000,73.2944,-4.0339,0.1996,0.1012,0.0033,0,0.0000,0.0000
156400,-0.0338,0.3368,-74.0435,73.2350,-4.0513,0.1996,0.1018,0.0020,0,0.0000,0.0000
156600,-0.6007,0.0909,-74.1237,73.3155,-4.0555,0.1992,0.1027,0.0052,0,0.0000,0.0000
156800,-0.0340,0.0911,-74.1697,73.3604,-4.0516,0.1997,0.1009,0.0026,0,0.0000,0.0000
157000,-0.0348,0.3974,-74.0831,73.2765,-4.0446,0.1994,0.1024,0.0026,0,0.0000,0.0000
157200,-0.3319,0.2903,-74.0346,73.2296,-4.0340,0.1994,0.1020,0.0039,0,0.0000,0.0000
157400,-0.0338,0.2896,-74.0948,73.2911,-4.0322,0.1992,0.1035,0.0020,0,0.0000,0.0000
157600,-0.0359,0.3669,-74.0495,73.2424,-4.0440,0.1995,0.1015,0.0033,0,0.0000,0.0000
157800,-0.0915,0.6180,-74.0531,73.2459,-4.0451,0.1995,0.1017,0.0046,0,0.0000,0.0000
158000,-0.0346,0.0588,-73.9885,73.1835,-4.0339,0.1995,0.1016,0.0033,0,0.0000,0.0000
158200,-0.0372,0.5395,-74.0083,73.2045,-4.0293,0.1994,0.1020,0.0026,0,0.0000,0.0000
158400,-0.0296,0.4647,-74.0561,73.2452,-4.0669,0.1993,0.1025,0.0020,0,0.0000,0.0000
158600,-0.0351,0.6340,-74.0338,73.2238,-4.0592,0.1995,0.1017,0.0013,0,0.0000,0.0000
158800,-0.0427,0.2348,-74.1558,73.3454,-4.0559,0.1998,0.1006,0.0039,0,0.0000,0.0000
159000,-0.0314,0.2542,-73.9692,73.1626,-4.0505,0.1991,0.1032,0.0020,0,0.0000,0.0000
159200,-0.0352,0.7255,-74.0408,73.2319,-4.0514,0.1996,0.1012,0.0007,0,0.0000,0.0000
159400,-0.0346,0.1259,-74.0269,73.2171,-4.0564,0.1996,0.1013,0.0020,0,0.0000,0.0000
159600,-0.0328,0.3617,-73.9998,73.1945,-4.0354,0.1995,0.1017,0.0020,0,0.0000,0.0000
159800,-0.0343,0.2626,-74.1264,73.3183,-4.0570,0.1991,0.1034,0.0020,0,0.0000,0.0000
160000,-0.0354,0.2557,-74.0414,73.2355,-4.0422,0.1993,0.1025,0.0026,0,0.0000,0.0000
160200,-0.0332,0.4905,-74.1439,73.3388,-4.0372,0.1993,0.1028,0.0039,0,0.0000,0.0000
160400,-0.0344,0.5652,-74.0453,73.2328,-4.0694,0.1997,0.1013,0.0007,0,0.0000,0.0000
160600,-0.0347,0.1856,-74.0899,73.2826,-4.0509,0.1993,0.1024,0.0026,0,0.0000,0.0000
160800,-0.0341,0.1454,-74.0938,73.2837,-4.0630,0.1993,0.1022,0.0046,0,0.0000,0.0000
161000,-0.0349,0.4537,-74.1227,73.3131,-4.0564,0.1995,0.1016,0.0039,0,0.0000,0.0000
161200,-0.0349,0.3911,-74.0979,73.2884,-4.0512,0.1997,0.1009,0.0020,0,0.0000,0.0000
161400,-0.0403,0.4743,-74.0539,73.2514,-4.0184,0.1997,0.1013,0.0013,0,0.0000,0.0000
161600,-0.0350,0.4077,-74.0304,73.2208,-4.0604,0.1993,0.1025,0.0007,0,0.0000,0.0000
161800,-0.0347,0.3783,-73.9775,73.1722,-4.0365,0.1995,0.1019,0.0007,0,0.0000,0.0000
162000,-0.0394,0.3449,-74.0935,73.2882,-4.0378,0.1995,0.1023,0.0046,0,0.0000,0.0000
162200,-0.0343,0.2817,-74.0211,73.2129,-4.0446,0.1998,0.1007,0.0033,0,0.0000,0.0000
162400,-0.0337,0.4478,-74.1085,73.3032,-4.0329,0.1997,0.1013,0.0013,0,0.0000,0.0000
162600,-0.0367,0.1607,-74.0326,73.2264,-4.0429,0.1994,0.1022,0.0020,0,0.0000,0.0000
162800,-0.0345,0.0820,-74.0527,73.2483,-4.0284,0.1996,0.1012,0.0026,0,0.0000,0.0000
163000,-0.0350,0.4879,-74.0283,73.2255,-4.0298,0.1991,0.1032,0.0013,0,0.0000,0.0000
163200,-0.0338,0.1611,-74.1148,73.3102,-4.0323,0.1995,0.1017,0.0026,0,0.0000,0.0000
163400,-0.0338,0.5628,-74.0645,73.2554,-4.0550,0.1995,0.1015,0.0013,0,0.0000,0.0000
163600,-0.0344,0.3253,-74.1588,73.3522,-4.0478,0.1992,0.1028,0.0039,0,0.0000,0.0000
163800,-0.0343,0.2725,-74.0990,73.2931,-4.0427,0.1993,0.1025,0.0059,0,0.0000,0.0000
164000,-0.0353,0.4833,-74.0855,73.2799,-4.0338,0.1997,0.1010,0.0033,0,0.0000,0.0000
164200,-0.6106,0.1900,-74.0986,73.2926,-4.0391,0.1995,0.1021,0.0026,0,0.0000,0.0000
164400,-0.0330,0.4396,-74.0595,73.2544,-4.0292,0.1998,0.1006,0.0000,0,0.0000,0.0000
164600,-0.0353,0.6425,-74.0397,73.2342,-4.0417,0.1992,0.1026,0.0033,0,0.0000,0.0000
164800,-0.2684,0.4772,-74.0666,73.2569,-4.0620,0.1992,0.1030,0.0039,0,0.0000,0.0000
165000,-0.0343,0.1826,-74.0878,73.2790,-4.0532,0.1994,0.1020,0.0039,0,0.0000,0.0000
165200,-0.0346,0.4477,-74.0782,73.2727,-4.0340,0.1997,0.1010,0.0013,0,0.0000,0.0000
165400,-0.0495,0.2447,-74.0169,73.2204,-3.9913,0.1994,0.1018,0.0039,0,0.0000,0.0000
165600,-0.0342,0.4332,-74.0255,73.2227,-4.0230,0.1995,0.1017,0.0026,0,0.0000,0.0000
165800,-0.0352,0.3118,-74.0947,73.2953,-4.0107,0.1992,0.1032,0.0007,0,0.0000,0.0000
166000,-0.0304,0.1475,-74.0748,73.2664,-4.0595,0.1990,0.1038,0.0020,0,0.0000,0.0000
166200,-0.0346,0.4127,-74.0685,73.2605,-4.0426,0.1999,0.1004,0.0033,0,0.0000,0.0000
166400,-0.0357,0.0468,-74.1381,73.3321,-4.0357,0.1997,0.1010,0.0026,0,0.0000,0.0000
166600,-0.0416,0.6293,-74.1412,73.3286,-4.0712,0.1996,0.1016,0.0026,0,0.0000,0.0000
166800,-0.0338,0.1650,-74.1136,73.3109,-4.0234,0.1994,0.1021,0.0033,0,0.0000,0.0000
167000,-0.0349,0.2967,-74.1209,73.3185,-4.0264,0.1992,0.1026,0.0013,0,0.0000,0.0000
167200,-0.0332,0.3042,-74.0620,73.2574,-4.0287,0.1996,0.1016,0.0013,0,0.0000,0.0000
167400,-0.0352,0.5776,-74.0899,73.2776,-4.0638,0.1999,0.1004,0.0013,0,0.0000,0.0000
167600,-0.0357,0.1606,-74.1086,73.2983,-4.0596,0.1996,0.1012,0.0020,0,0.0000,0.0000
167800,-0.0333,0.3152,-74.1360,73.3317,-4.0325,0.1994,0.1020,0.0013,0,0.0000,0.0000
168000,-0.0346,0.5374,-74.1356,73.3275,-4.0534,0.1993,0.1028,0.0020,0,0.0000,0.0000
168200,-0.0349,0.2246,-74.0790,73.2732,-4.0447,0.1992,0.1031,0.0020,0,0.0000,0.0000
168400,-0.0427,0.1841,-74.0766,73.2697,-4.0490,0.1992,0.1030,0.0033,0,0.0000,0.0000
168600,-0.0348,0.1372,-74.1249,73.3147,-4.0582,0.1996,0.1013,0.0020,0,0.0000,0.0000
168800,-0.0398,0.4906,-74.0433,73.2379,-4.0301,0.1998,0.1006,0.0013,0,0.0000,0.0000
169000,-0.0340,0.3166,-74.1257,73.3173,-4.0465,0.1998,0.1007,0.0026,0,0.0000,0.0000
169200,-0.0341,0.3249,-74.1043,73.2972,-4.0448,0.1994,0.1017,0.0007,0,0.0000,0.0000
169400,-0.0352,0.2938,-74.1209,73.3093,-4.0667,0.1996,0.1016,0.0007,0,0.0000,0.0000
169600,-0.0348,0.0726,-74.1675,73.3592,-4.0506,0.1995,0.1017,0.0026,0,0.0000,0.0000
169800,-0.0384,0.2069,-74.1672,73.3577,-4.0503,0.1999,0.1004,0.0020,0,0.0000,0.0000
170000,-0.0340,0.3157,-74.1203,73.3148,-4.0374,0.1995,0.1018,0.0033,0,0.0000,0.0000
170200,-0.0339,0.4179,-74.1886,73.3822,-4.0404,0.1995,0.1017,0.0026,0,0.0000,0.0000
170400,-0.0334,0.1890,-74.1571,73.3521,-4.0417,0.1991,0.1034,0.0013,0,0.0000,0.0000
170600,-0.0346,0.3928,-74.1197,73.3056,-4.0781,0.1996,0.1014,0.0020,0,0.0000,0.0000
170800,-0.0340,0.1942,-74.1473,73.3432,-4.0256,0.1997,0.1009,0.0013,0,0.0000,0.0000
171000,-0.0378,0.1653,-74.1347,73.3247,-4.0566,0.1996,0.1013,0.0026,0,0.0000,0.0000
171200,-0.0348,0.1963,-74.1513,73.3482,-4.0200,0.1997,0.1009,0.0007,0,0.0000,0.0000
171400,-0.0382,0.6815,-74.0759,73.2740,-4.0204,0.1994,0.1026,0.0020,0,0.0000,0.0000
171600,-0.0335,0.0769,-74.2212,73.4125,-4.0490,0.1997,0.1010,0.0026,0,0.0000,0.0000
171800,-0.4848,0.3528,-74.0831,73.2738,-4.0598,0.1994,0.1024,0.0026,0,0.0000,0.0000
172000,-0.0337,0.0471,-74.1894,73.3754,-4.0778,0.1996,0.1013,0.0039,0,0.0000,0.0000
172200,-0.0338,0.1610,-74.1880,73.3769,-4.0597,0.1998,0.1006,0.0039,0,0.0000,0.0000
172400,-0.2057,0.4520,-74.0567,73.2518,-4.0352,0.1994,0.1017,0.0033,0,0.0000,0.0000
172600,-0.0350,0.0759,-74.1132,73.3041,-4.0559,0.1995,0.1021,0.0026,0,0.0000,0.0000
172800,-0.0340,0.2168,-74.1394,73.3324,-4.0461,0.1993,0.1020,0.0007,0,0.0000,0.0000
173000,-0.0430,0.4031,-74.2321,73.4232,-4.0579,0.1993,0.1028,0.0020,0,0.0000,0.0000
173200,-0.0339,0.3226,-74.1128,73.3080,-4.0391,0.1991,0.1035,0.0033,0,0.0000,0.0000
173400,-0.0390,0.4590,-74.1211,73.3169,-4.0349,0.1992,0.1028,0.0033,0,0.0000,0.0000
173600,-0.0308,0.2904,-74.1829,73.3799,-4.0287,0.1992,0.1028,0.0020,0,0.0000,0.0000
173800,-0.0339,0.1758,-74.1799,73.3660,-4.0776,0.1996,0.1013,0.0013,0,0.0000,0.0000
174000,-0.0335,0.1688,-74.1554,73.3440,-4.0676,0.1995,0.1019,0.0000,0,0.0000,0.0000
174200,-0.0365,0.4062,-74.0631,73.2585,-4.0372,0.1992,0.1028,0.0020,0,0.0000,0.0000
174400,-0.0339,0.1252,-74.1574,73.3482,-4.0521,0.1996,0.1012,0.0013,0,0.0000,0.0000
174600,-0.0329,0.2960,-74.1282,73.3172,-4.0635,0.1995,0.1015,0.0046,0,0.0000,0.0000
174800,-0.0380,0.1604,-74.1767,73.3738,-4.0228,0.1996,0.1016,0.0020,0,0.0000,0.0000
175000,-0.0351,0.4896,-74.1584,73.3543,-4.0273,0.1996,0.1013,0.0020,0,0.0000,0.0000
175200,-0.0333,0.4454,-74.1690,73.3619,-4.0422,0.1996,0.1012,0.0020,0,0.0000,0.0000
175400,-0.0335,0.6133,-74.1405,73.3312,-4.0570,0.1994,0.1024,0.0013,0,0.0000,0.0000
175600,-0.0341,0.1792,-74.1955,73.3917,-4.0316,0.1992,0.1031,0.0020,0,0.0000,0.0000
175800,-0.0369,0.2490,-74.1442,73.3401,-4.0299,0.1995,0.1016,0.0020,0,0.0000,0.0000
176000,-0.0328,0.6474,-74.1348,73.3335,-4.0143,0.1994,0.1018,0.0039,0,0.0000,0.0000
176200,-0.0334,0.6229,-74.1332,73.3239,-4.0535,0.1996,0.1012,0.0020,0,0.0000,0.0000
176400,-0.0374,0.3450,-74.0759,73.2716,-4.0253,0.1997,0.1010,0.0033,0,0.0000,0.0000
176600,-0.0365,0.3788,-74.1146,73.3054,-4.0553,0.1995,0.1017,0.0020,0,0.0000,0.0000
176800,-0.0341,0.4600,-74.1530,73.3448,-4.0505,0.1996,0.1016,0.0039,0,0.0000,0.0000
177000,-0.0333,0.2800,-74.1529,73.3425,-4.0592,0.1997,0.1013,0.0026,0,0.0000,0.0000
177200,-0.0390,0.4934,-74.0941,73.2894,-4.0282,0.1997,0.1009,0.0013,0,0.0000,0.0000
177400,-0.0333,0.4733,-74.1568,73.3476,-4.0555,0.1995,0.1014,0.0033,0,0.0000,0.0000
177600,-0.0333,0.2170,-74.1011,73.2974,-4.0316,0.1993,0.1027,0.0020,0,0.0000,0.0000
177800,-0.0384,0.5409,-74.1836,73.3723,-4.0630,0.1996,0.1012,0.0033,0,0.0000,0.0000
178000,-0.0340,0.3734,-74.1751,73.3695,-4.0465,0.1990,0.1041,0.0039,0,0.0000,0.0000
178200,-0.0347,0.3415,-74.1760,73.3706,-4.0336,0.1996,0.1016,0.0052,0,0.0000,0.0000
178400,-0.0339,0.6068,-74.1372,73.3274,-4.0582,0.1995,0.1021,0.0026,0,0.0000,0.0000
178600,-0.0349,0.4049,-74.1242,73.3223,-4.0240,0.1992,0.1031,0.0039,0,0.0000,0.0000
178800,-0.6131,0.4208,-74.0739,73.2686,-4.0448,0.1990,0.1037,0.0059,0,0.0000,0.0000
179000,-0.0348,0.4514,-74.1386,73.3298,-4.0526,0.1995,0.1019,0.0026,0,0.0000,0.0000
179200,-0.0381,0.1351,-74.1668,73.3595,-4.0484,0.1994,0.1020,0.0007,0,0.0000,0.0000
179400,-0.3893,0.3092,-74.1770,73.3687,-4.0514,0.1995,0.1018,0.0020,0,0.0000,0.0000
179600,-0.0349,0.4210,-74.0872,73.2829,-4.0368,0.1991,0.1039,0.0026,0,0.0000,0.0000
179800,-0.0331,0.3548,-74.2660,73.4583,-4.0447,0.1997,0.1013,0.0013,0,0.0000,0.0000
180000,-0.1213,0.2313,-74.2057,73.4034,-4.0235,0.1994,0.1024,0.0039,0,0.0000,0.0000
180200,-0.0352,0.1909,-74.2067,73.3984,-4.0469,0.1997,0.1013,0.0007,0,0.0000,0.0000
180400,-0.0348,0.1299,-74.1630,73.3549,-4.0522,0.1993,0.1026,0.0013,0,0.0000,0.0000
180600,-0.0368,0.0715,-74.1903,73.3815,-4.0546,0.1993,0.1025,0.0007,0,0.0000,0.0000
180800,-0.0396,0.2840,-74.2038,73.3991,-4.0321,0.1996,0.1016,0.0033,0,0.0000,0.0000
181000,-0.0337,0.1017,-74.1762,73.3683,-4.0489,0.1995,0.1021,0.0007,0,0.0000,0.0000
181200,-0.0311,0.5040,-74.2284,73.4191,-4.0512,0.1997,0.1011,0.0020,0,0.0000,0.0000
181400,-0.0342,0.4693,-74.1790,73.3736,-4.0344,0.1996,0.1013,0.0013,0,0.0000,0.0000
181600,-0.0391,0.6694,-74.1451,73.3384,-4.0376,0.1997,0.1011,0.0020,0,0.0000,0.0000
181800,-0.0325,0.5186,-74.1636,73.3578,-4.0419,0.1994,0.1024,0.0007,0,0.0000,0.0000
182000,-0.0344,0.3665,-74.1839,73.3757,-4.0430,0.1999,0.1003,0.0026,0,0.0000,0.0000
182200,-0.0344,0.4160,-74.2023,73.3957,-4.0411,0.1996,0.1013,0.0039,0,0.0000,0.0000
182400,-0.0331,0.1492,-74.0814,73.2791,-4.0208,0.1995,0.1016,0.0026,0,0.0000,0.0000
182600,-0.0373,0.3512,-74.1774,73.3704,-4.0420,0.1996,0.1012,0.0065,0,0.0000,0.0000
182800,-0.0342,0.1702,-74.1824,73.3765,-4.0390,0.1995,0.1019,0.0007,0,0.0000,0.0000
183000,-0.0345,0.3344,-74.2140,73.4041,-4.0642,0.1992,0.1032,0.0000,0,0.0000,0.0000
183200,-0.0373,0.3977,-74.1502,73.3444,-4.0402,0.1995,0.1023,0.0020,0,0.0000,0.0000
183400,-0.0324,0.2019,-74.2138,73.4051,-4.0518,0.1995,0.1015,0.0007,0,0.0000,0.0000
183600,-0.0331,0.1791,-74.1731,73.3656,-4.0533,0.1991,0.1036,0.0013,0,0.0000,0.0000
183800,-0.0377,0.0441,-74.1398,73.3288,-4.0622,0.1996,0.1013,0.0020,0,0.0000,0.0000
184000,-0.0342,0.3514,-74.2230,73.4176,-4.0371,0.1995,0.1021,0.0026,0,0.0000,0.0000
184200,-0.0332,0.2091,-74.1310,73.3270,-4.0342,0.1992,0.1028,0.0013,0,0.0000,0.0000
184400,-0.0347,0.1268,-74.2529,73.4490,-4.0331,0.1992,0.1027,0.0013,0,0.0000,0.0000
184600,-0.0351,0.3898,-74.1291,73.3226,-4.0397,0.1996,0.1013,0.0020,0,0.0000,0.0000
184800,-0.0412,0.2555,-74.2168,73.4063,-4.0587,0.1996,0.1014,0.0026,0,0.0000,0.0000
185000,-0.0349,0.2121,-74.1414,73.3386,-4.0220,0.1995,0.1017,0.0013,0,0.0000,0.0000
185200,-0.0344,0.2460,-74.1203,73.3149,-4.0339,0.1996,0.1014,0.0013,0,0.0000,0.0000
185400,-0.0373,0.3291,-74.1800,73.3721,-4.0465,0.1997,0.1013,0.0000,0,0.0000,0.0000
185600,-0.0343,0.3131,-74.1273,73.3225,-4.0316,0.1995,0.1015,0.0013,0,0.0000,0.0000
185800,-0.0345,0.4033,-74.1693,73.3630,-4.0466,0.1992,0.1031,0.0013,0,0.0000,0.0000
186000,-0.0340,0.2866,-74.1736,73.3677,-4.0423,0.1993,0.1028,0.0007,0,0.0000,0.0000
186200,-0.0383,0.2344,-74.1979,73.3923,-4.0389,0.1995,0.1021,0.0007,0,0.0000,0.0000
186400,-0.6315,0.1941,-74.1712,73.3709,-4.0142,0.1993,0.1022,0.0033,0,0.0000,0.0000
186600,-0.0404,0.1918,-74.2473,73.4394,-4.0446,0.1997,0.1010,0.0020,0,0.0000,0.0000
186800,-0.0344,0.7636,-74.0110,73.2058,-4.0349,0.1995,0.1016,0.0020,0,0.0000,0.0000
187000,-0.3638,0.3371,-74.1811,73.3763,-4.0379,0.1992,0.1031,0.0052,0,0.0000,0.0000
187200,-0.0350,0.3151,-74.1846,73.3743,-4.0556,0.1997,0.1009,0.0020,0,0.0000,0.0000
187400,-0.0342,0.3103,-74.0634,73.2539,-4.0575,0.1994,0.1018,0.0033,0,0.0000,0.0000
187600,-0.0921,0.1718,-74.2060,73.4011,-4.0326,0.1995,0.1015,0.0039,0,0.0000,0.0000
187800,-0.0362,0.2802,-74.1147,73.3152,-4.0165,0.1990,0.1038,0.0039,0,0.0000,0.0000
188000,-0.0354,0.2439,-74.1243,73.3135,-4.0620,0.1996,0.1016,0.0033,0,0.0000,0.0000
188200,-0.0289,0.3970,-74.1936,73.3853,-4.0537,0.1994,0.1022,0.0033,0,0.0000,0.0000
188400,-0.0339,0.1858,-74.1481,73.3390,-4.0489,0.1998,0.1006,0.0026,0,0.0000,0.0000
188600,-0.0336,0.2499,-74.2458,73.4398,-4.0424,0.1994,0.1024,0.0039,0,0.0000,0.0000
188800,-0.0326,0.2970,-74.0832,73.2740,-4.0569,0.1994,0.1021,0.0020,0,0.0000,0.0000
189000,-0.0338,0.1311,-74.2690,73.4596,-4.0490,0.1999,0.1003,0.0013,0,0.0000,0.0000
189200,-0.0345,0.4397,-74.2413,73.4336,-4.0452,0.1997,0.1010,0.0013,0,0.0000,0.0000
189400,-0.0360,0.6521,-74.0586,73.2499,-4.0525,0.1995,0.1017,0.0020,0,0.0000,0.0000
189600,-0.0347,0.2528,-74.2175,73.4096,-4.0495,0.1993,0.1020,0.0026,0,0.0000,0.0000
189800,-0.0341,0.4250,-74.3134,73.5051,-4.0461,0.1998,0.1010,0.0013,0,0.0000,0.0000
190000,-0.0333,0.4248,-74.1656,73.3571,-4.0467,0.1997,0.1009,0.0020,0,0.0000,0.0000
190200,-0.0347,0.3794,-74.2185,73.4071,-4.0663,0.1995,0.1016,0.0013,0,0.0000,0.0000
190400,-0.0352,0.4254,-74.2022,73.3916,-4.0605,0.1996,0.1014,0.0020,0,0.0000,0.0000
190600,-0.0338,0.2150,-74.1914,73.3828,-4.0552,0.1993,0.1026,0.0026,0,0.0000,0.0000
190800,-0.0355,0.2767,-74.2169,73.4087,-4.0518,0.1993,0.1022,0.0020,0,0.0000,0.0000
191000,-0.0387,0.5821,-74.2763,73.4674,-4.0493,0.1997,0.1011,0.0033,0,0.0000,0.0000
191200,-0.0335,0.4153,-74.2420,73.4344,-4.0433,0.1997,0.1009,0.0000,0,0.0000,0.0000
191400,-0.0348,0.1885,-74.2186,73.4121,-4.0420,0.1995,0.1020,0.0007,0,0.0000,0.0000
191600,-0.0369,0.4657,-74.1347,73.3277,-4.0510,0.1993,0.1029,0.0026,0,0.0000,0.0000
191800,-0.0340,0.1342,-74.1274,73.3236,-4.0274,0.1994,0.1020,0.0046,0,0.0000,0.0000
192000,-0.0341,0.5653,-74.1301,73.3232,-4.0409,0.1995,0.1015,0.0013,0,0.0000,0.0000
192200,-0.0361,0.5791,-74.1289,73.3225,-4.0409,0.1995,0.1017,0.0013,0,0.0000,0.0000
192400,-0.0342,0.7294,-74.0969,73.2900,-4.0457,0.1994,0.1020,0.0039,0,0.0000,0.0000
192600,-0.0526,0.1733,-74.2799,73.4700,-4.0629,0.1993,0.1027,0.0007,0,0.0000,0.0000
192800,-0.0384,0.4737,-74.2133,73.4037,-4.0597,0.1993,0.1028,0.0007,0,0.0000,0.0000
193000,-0.0390,0.4721,-74.2300,73.4221,-4.0457,0.1996,0.1012,0.0039,0,0.0000,0.0000
193200,-0.0354,0.3721,-74.1831,73.3748,-4.0551,0.1993,0.1023,0.0020,0,0.0000,0.0000
193400,-0.0358,0.2515,-74.2668,73.4613,-4.0451,0.1990,0.1042,0.0026,0,0.0000,0.0000
193600,-0.0336,0.7398,-74.1369,73.3255,-4.0641,0.1997,0.1010,0.0033,0,0.0000,0.0000
193800,-0.0339,0.5879,-74.1017,73.3017,-4.0190,0.1990,0.1037,0.0026,0,0.0000,0.0000
194000,-0.5205,0.8866,-74.2043,73.3955,-4.0581,0.1992,0.1032,0.0020,0,0.0000,0.0000
194200,-0.0346,0.5170,-74.1405,73.3370,-4.0318,0.1993,0.1023,0.0033,0,0.0000,0.0000
194400,-0.0356,0.6103,-74.1581,73.3496,-4.0524,0.1995,0.1018,0.0013,0,0.0000,0.0000
194600,-0.2935,0.7044,-74.1959,73.3899,-4.0367,0.1996,0.1016,0.0020,0,0.0000,0.0000
194800,-0.0404,0.2227,-74.1893,73.3808,-4.0534,0.1994,0.1022,0.0046,0,0.0000,0.0000
195000,-0.0349,0.2241,-74.1770,73.3722,-4.0287,0.1997,0.1013,0.0020,0,0.0000,0.0000
195200,-0.0567,0.5001,-74.2645,73.4539,-4.0615,0.1995,0.1017,0.0013,0,0.0000,0.0000
195400,-0.0383,0.4522,-74.1774,73.3714,-4.0365,0.1996,0.1012,0.0026,0,0.0000,0.0000
195600,-0.0360,0.1248,-74.2100,73.4004,-4.0629,0.1992,0.1029,0.0020,0,0.0000,0.0000
195800,-0.0286,0.2298,-74.2160,73.4095,-4.0429,0.1993,0.1022,0.0026,0,0.0000,0.0000
196000,-0.0340,0.1420,-74.2524,73.4453,-4.0437,0.1996,0.1016,0.0039,0,0.0000,0.0000
196200,-0.0376,0.5724,-74.1715,73.3651,-4.0420,0.1995,0.1019,0.0007,0,0.0000,0.0000
196400,-0.0319,0.3448,-74.1684,73.3597,-4.0548,0.1995,0.1021,0.0013,0,0.0000,0.0000
196600,-0.0346,0.3926,-74.1396,73.3294,-4.0595,0.1996,0.1016,0.0026,0,0.0000,0.0000
196800,-0.0345,0.1787,-74.2126,73.4084,-4.0331,0.1993,0.1020,0.0007,0,0.0000,0.0000
197000,-0.0323,0.2356,-74.2142,73.4061,-4.0470,0.1997,0.1013,0.0033,0,0.0000,0.0000
197200,-0.0342,0.1675,-74.1898,73.3833,-4.0409,0.1996,0.1014,0.0020,0,0.0000,0.0000
197400,-0.0345,0.8029,-74.2168,73.4044,-4.0754,0.1993,0.1025,0.0039,0,0.0000,0.0000
197600,-0.0342,0.1607,-74.1372,73.3337,-4.0262,0.1994,0.1018,0.0059,0,0.0000,0.0000
197800,-0.0347,0.3828,-74.1893,73.3829,-4.0382,0.1996,0.1012,0.0000,0,0.0000,0.0000
198000,-0.0395,0.2313,-74.2013,73.3999,-4.0109,0.1998,0.1006,0.0033,0,0.0000,0.0000
198200,-0.0335,0.4743,-74.2062,73.4034,-4.0209,0.1997,0.1010,0.0026,0,0.0000,0.0000
198400,-0.0331,0.4822,-74.1694,73.3593,-4.0590,0.1996,0.1013,0.0020,0,0.0000,0.0000
198600,-0.0331,0.1657,-74.2543,73.4498,-4.0343,0.1994,0.1019,0.0033,0,0.0000,0.0000
198800,-0.0356,0.3016,-74.2338,73.4263,-4.0476,0.1995,0.1017,0.0013,0,0.0000,0.0000
199000,-0.0362,0.3609,-74.3512,73.5433,-4.0455,0.1997,0.1010,0.0020,0,0.0000,0.0000
199200,-0.0399,0.3370,-74.1604,73.3522,-4.0512,0.1994,0.1021,0.0020,0,0.0000,0.0000
199400,-0.0341,0.7578,-74.2151,73.4078,-4.0415,0.1997,0.1010,0.0039,0,0.0000,0.0000
199600,-0.0347,0.1283,-74.2086,73.3960,-4.0742,0.1995,0.1016,0.0020,0,0.0000,0.0000
199800,-0.0349,0.2153,-74.2493,73.4402,-4.0551,0.1995,0.1015,0.0046,0,0.0000,0.0000
200000,-0.0332,0.0972,-74.1656,73.3630,-4.0341,0.1988,0.1046,0.0007,0,0.0000,0.0000
200200,-0.0340,0.3091,-74.2166,73.4123,-4.0371,0.1991,0.1035,0.0046,0,0.0000,0.0000
200400,-0.0334,0.2815,-74.2020,73.3964,-4.0320,0.1997,0.1009,0.0052,0,0.0000,0.0000
200600,-0.0352,0.5589,-74.1323,73.3295,-4.0205,0.1997,0.1009,0.0020,0,0.0000,0.0000
200800,-0.0349,0.3769,-74.2625,73.4522,-4.0588,0.1995,0.1017,0.0046,0,0.0000,0.0000
201000,-0.0346,0.3422,-74.2611,73.4529,-4.0492,0.1996,0.1016,0.0020,0,0.0000,0.0000
201200,-0.0359,0.5525,-74.2097,73.4058,-4.0278,0.1996,0.1016,0.0039,0,0.0000,0.0000
201400,-0.0349,0.2192,-74.1548,73.3466,-4.0543,0.1993,0.1029,0.0007,0,0.0000,0.0000
201600,-0.4959,0.1924,-74.2632,73.4547,-4.0514,0.1995,0.1020,0.0052,0,0.0000,0.0000
201800,-0.0333,0.1917,-74.2697,73.4577,-4.0685,0.1995,0.1019,0.0033,0,0.0000,0.0000
202000,-0.0388,0.0916,-74.2133,73.4035,-4.0582,0.1996,0.1013,0.0046,0,0.0000,0.0000
202200,-0.2061,0.3712,-74.2205,73.4132,-4.0471,0.1994,0.1024,0.0020,0,0.0000,0.0000
202400,-0.0331,0.2278,-74.2649,73.4550,-4.0608,0.1994,0.1023,0.0007,0,0.0000,0.0000
202600,-0.0347,0.0697,-74.1537,73.3424,-4.0658,0.1995,0.1018,0.0033,0,0.0000,0.0000
202800,-0.0432,0.3293,-74.1989,73.3920,-4.0400,0.1997,0.1013,0.0033,0,0.0000,0.0000
203000,-0.0352,0.6123,-74.1899,73.3840,-4.0392,0.1994,0.1017,0.0033,0,0.0000,0.0000
203200,-0.0355,0.4382,-74.2593,73.4518,-4.0513,0.1994,0.1024,0.0039,0,0.0000,0.0000
203400,-0.0307,0.2067,-74.1926,73.3850,-4.0478,0.1994,0.1020,0.0013,0,0.0000,0.0000
203600,-0.0354,0.2095,-74.1820,73.3733,-4.0517,0.1995,0.1015,0.0020,0,0.0000,0.0000
203800,-0.0344,0.1890,-74.2463,73.4390,-4.0532,0.1991,0.1035,0.0020,0,0.0000,0.0000
204000,-0.0321,0.6152,-74.2076,73.4005,-4.0445,0.1995,0.1020,0.0020,0,0.0000,0.0000
204200,-0.0344,0.5193,-74.2266,73.4169,-4.0545,0.1996,0.1011,0.0013,0,0.0000,0.0000
204400,-0.0340,0.3612,-74.2169,73.4116,-4.0411,0.1992,0.1028,0.0026,0,0.0000,0.0000
204600,-0.0330,0.1843,-74.1572,73.3546,-4.0307,0.1991,0.1034,0.0000,0,0.0000,0.0000
204800,-0.0337,0.8158,-74.1634,73.3537,-4.0553,0.1997,0.1010,0.0007,0,0.0000,0.0000
205000,-0.0338,0.2828,-74.1307,73.3196,-4.0640,0.1996,0.1016,0.0020,0,0.0000,0.0000
205200,-0.0367,0.5520,-74.3037,73.5001,-4.0295,0.1994,0.1021,0.0026,0,0.0000,0.0000
205400,-0.0348,0.1103,-74.2495,73.4453,-4.0321,0.1993,0.1024,0.0020,0,0.0000,0.0000
205600,-0.0353,0.4368,-74.2005,73.3964,-4.0306,0.1994,0.1022,0.0013,0,0.0000,0.0000
205800,-0.0344,0.0700,-74.2722,73.4650,-4.0465,0.1995,0.1019,0.0013,0,0.0000,0.0000
206000,-0.0346,0.0590,-74.3308,73.5246,-4.0393,0.1996,0.1016,0.0033,0,0.0000,0.0000
206200,-0.0410,0.2319,-74.2522,73.4414,-4.0603,0.1997,0.1010,0.0026,0,0.0000,0.0000
206400,-0.0404,0.1888,-74.2788,73.4749,-4.0283,0.1995,0.1019,0.0013,0,0.0000,0.0000
206600,-0.0343,0.6482,-74.2327,73.4292,-4.0285,0.1994,0.1022,0.0026,0,0.0000,0.0000
206800,-0.0390,0.2481,-74.1735,73.3655,-4.0471,0.1996,0.1012,0.0039,0,0.0000,0.0000
207000,-0.0402,0.3174,-74.2025,73.4005,-4.0295,0.1990,0.1037,0.0020,0,0.0000,0.0000
207200,-0.0348,0.2360,-74.2644,73.4551,-4.0542,0.1996,0.1016,0.0026,0,0.0000,0.0000
207400,-0.0344,0.1648,-74.2986,73.4940,-4.0349,0.1994,0.1023,0.0013,0,0.0000,0.0000
207600,-0.0393,0.2206,-74.2432,73.4327,-4.0559,0.1997,0.1009,0.0026,0,0.0000,0.0000
207800,-0.0353,0.2123,-74.1786,73.3761,-4.0191,0.1996,0.1013,0.0026,0,0.0000,0.0000
208000,-0.0342,0.3046,-74.1906,73.3809,-4.0580,0.1994,0.1022,0.0033,0,0.0000,0.0000
208200,-0.0333,0.3617,-74.2936,73.4896,-4.0256,0.1997,0.1015,0.0020,0,0.0000,0.0000
208400,-0.0345,0.0664,-74.2844,73.4769,-4.0477,0.1994,0.1021,0.0026,0,0.0000,0.0000
208600,-0.5894,0.1758,-74.1998,73.3953,-4.0312,0.1995,0.1015,0.0052,0,0.0000,0.0000
208800,-0.0391,0.3783,-74.2647,73.4573,-4.0436,0.1996,0.1012,0.0033,0,0.0000,0.0000
209000,-0.0343,0.1960,-74.2579,73.4514,-4.0391,0.1996,0.1017,0.0026,0,0.0000,0.0000
209200,-0.4518,0.7282,-74.1717,73.3692,-4.0180,0.1997,0.1009,0.0013,0,0.0000,0.0000
209400,-0.0350,0.4686,-74.2231,73.4174,-4.0363,0.1996,0.1013,0.0013,0,0.0000,0.0000
209600,-0.0361,0.4085,-74.1339,73.3310,-4.0337,0.1989,0.1042,0.0020,0,0.0000,0.0000
209800,-0.1070,0.3560,-74.2314,73.4245,-4.0452,0.1994,0.1021,0.0020,0,0.0000,0.0000
210000,-0.0335,0.4602,-74.3015,73.4897,-4.0692,0.1994,0.1019,0.0026,0,0.0000,0.0000
210200,-0.0384,0.1433,-74.2151,73.4045,-4.0596,0.1996,0.1014,0.0013,0,0.0000,0.0000
210400,-0.0420,0.1502,-74.2345,73.4321,-4.0223,0.1995,0.1021,0.0013,0,0.0000,0.0000
210600,-0.0349,0.3619,-74.2006,73.3906,-4.0622,0.1992,0.1025,0.0013,0,0.0000,0.0000
210800,-0.0420,0.6787,-74.1394,73.3341,-4.0424,0.1991,0.1034,0.0007,0,0.0000,0.0000
211000,-0.0313,0.2794,-74.2056,73.3971,-4.0516,0.1995,0.1019,0.0013,0,0.0000,0.0000
211200,-0.0431,0.4704,-74.1900,73.3783,-4.0656,0.1996,0.1013,0.0020,0,0.0000,0.0000
211400,-0.0352,0.2894,-74.2136,73.4071,-4.0408,0.1995,0.1015,0.0020,0,0.0000,0.0000
211600,-0.0320,0.4548,-74.2185,73.4112,-4.0444,0.1995,0.1014,0.0039,0,0.0000,0.0000
211800,-0.0363,0.3886,-74.2678,73.4590,-4.0488,0.1998,0.1010,0.0020,0,0.0000,0.0000
212000,-0.0382,0.3428,-74.1924,73.3839,-4.0480,0.1997,0.1009,0.0033,0,0.0000,0.0000
212200,-0.0329,0.3019,-74.3320,73.5207,-4.0608,0.1997,0.1011,0.0026,0,0.0000,0.0000
212400,-0.0340,0.2211,-74.2074,73.4020,-4.0345,0.1995,0.1021,0.0026,0,0.0000,0.0000
212600,-0.0376,0.2721,-74.3125,73.5085,-4.0386,0.1990,0.1042,0.0033,0,0.0000,0.0000
212800,-0.0343,0.3600,-74.2326,73.4246,-4.0440,0.1999,0.1004,0.0007,0,0.0000,0.0000
213000,-0.0341,0.4584,-74.2237,73.4213,-4.0304,0.1991,0.1032,0.0020,0,0.0000,0.0000
213200,-0.0364,0.1901,-74.3119,73.5059,-4.0449,0.1991,0.1032,0.0020,0,0.0000,0.0000
213400,-0.0338,0.3218,-74.2120,73.4003,-4.0651,0.1997,0.1013,0.0046,0,0.0000,0.0000
213600,-0.0347,0.0671,-74.2924,73.4823,-4.0567,0.1997,0.1010,0.0007,0,0.0000,0.0000
213800,-0.0352,0.1526,-74.2566,73.4518,-4.0335,0.1995,0.1017,0.0039,0,0.0000,0.0000
214000,-0.0332,0.1435,-74.3678,73.5600,-4.0518,0.1994,0.1023,0.0020,0,0.0000,0.0000
214200,-0.0346,0.3213,-74.1880,73.3769,-4.0653,0.1995,0.1021,0.0046,0,0.0000,0.0000
214400,-0.0345,0.5697,-74.1526,73.3493,-4.0307,0.1993,0.1029,0.0039,0,0.0000,0.0000
214600,-0.0338,0.2688,-74.2675,73.4560,-4.0656,0.1995,0.1020,0.0039,0,0.0000,0.0000
214800,-0.0342,0.3606,-74.2764,73.4723,-4.0257,0.1996,0.1014,0.0007,0,0.0000,0.0000
215000,-0.0382,0.2560,-74.2517,73.4416,-4.0613,0.1994,0.1020,0.0013,0,0.0000,0.0000
215200,-0.0409,0.8682,-74.1717,73.3666,-4.0391,0.1993,0.1029,0.0007,0,0.0000,0.0000
215400,-0.0386,0.1980,-74.2461,73.4375,-4.0475,0.1997,0.1009,0.0046,0,0.0000,0.0000
